<?xml version="1.0" encoding="UTF-8"?>
<dataroot xmlns:od="urn:schemas-microsoft-com:officedata" generated="2007-03-20T09:10:49">
<dbo_langKit>
<phraseID>713</phraseID>
<catID>7</catID>
<phraseOrder>1</phraseOrder>
<englishPhrase>gw</englishPhrase>
<romanized>&lt;span class=&quot;css_hl&quot;&gt;gw&lt;/span&gt;an or &lt;span class=&quot;css_hl&quot;&gt;gw&lt;/span&gt;or</romanized>
</dbo_langKit>
<dbo_langKit>
<phraseID>714</phraseID>
<catID>7</catID>
<phraseOrder>2</phraseOrder>
<englishPhrase>kw</englishPhrase>
<romanized>&lt;span class=&quot;css_hl&quot;&gt;kw&lt;/span&gt;ay</romanized>
</dbo_langKit>
<dbo_langKit>
<phraseID>715</phraseID>
<catID>7</catID>
<phraseOrder>3</phraseOrder>
<englishPhrase>ng</englishPhrase>
<romanized>&lt;span class=&quot;css_hl&quot;&gt;ng&lt;/span&gt;ah or he&lt;span class=&quot;css_hl&quot;&gt;ng&lt;/span&gt;</romanized>
</dbo_langKit>
<dbo_langKit>
<phraseID>716</phraseID>
<catID>7</catID>
<phraseOrder>4</phraseOrder>
<englishPhrase>aai</englishPhrase>
<romanized>h&lt;span class=&quot;css_hl&quot;&gt;aai&lt;/span&gt; or t&lt;span class=&quot;css_hl&quot;&gt;aai&lt;/span&gt;</romanized>
</dbo_langKit>
<dbo_langKit>
<phraseID>717</phraseID>
<catID>7</catID>
<phraseOrder>5</phraseOrder>
<englishPhrase>iu</englishPhrase>
<romanized>s&lt;span class=&quot;css_hl&quot;&gt;iu&lt;/span&gt; or y&lt;span class=&quot;css_hl&quot;&gt;iu&lt;/span&gt;</romanized>
</dbo_langKit>
<dbo_langKit>
<phraseID>718</phraseID>
<catID>7</catID>
<phraseOrder>6</phraseOrder>
<englishPhrase>ue</englishPhrase>
<romanized>l&lt;span class=&quot;css_hl&quot;&gt;ue&lt;/span&gt;n or ch&lt;span class=&quot;css_hl&quot;&gt;ue&lt;/span&gt;n</romanized>
</dbo_langKit>
<dbo_langKit>
<phraseID>1</phraseID>
<catID>1</catID>
<phraseOrder>1</phraseOrder>
<englishPhrase>Please wait for an interpreter.</englishPhrase>
<romanized>chang lay dung gor fan yik ley</romanized>
<unicode>请你等个翻译黎</unicode>
<phrase>&amp;#35831;&amp;#20320;&amp;#31561;&amp;#20010;&amp;#32763;&amp;#35793;&amp;#40654;</phrase>
</dbo_langKit>
<dbo_langKit>
<phraseID>2</phraseID>
<catID>1</catID>
<phraseOrder>2</phraseOrder>
<englishPhrase>Please turn off your camera.</englishPhrase>
<romanized>chang lay san jor gor seung gay</romanized>
<unicode>请你删咗个相机</unicode>
<phrase>&amp;#35831;&amp;#20320;&amp;#21024;&amp;#21655;&amp;#20010;&amp;#30456;&amp;#26426;</phrase>
</dbo_langKit>
<dbo_langKit>
<phraseID>3</phraseID>
<catID>1</catID>
<phraseOrder>3</phraseOrder>
<englishPhrase>Please turn off your recorder.</englishPhrase>
<romanized>chang lay sik jor gor luk yum gay</romanized>
<unicode>请你熄咗个录音机</unicode>
<phrase>&amp;#35831;&amp;#20320;&amp;#29060;&amp;#21655;&amp;#20010;&amp;#24405;&amp;#38899;&amp;#26426;</phrase>
</dbo_langKit>
<dbo_langKit>
<phraseID>4</phraseID>
<catID>1</catID>
<phraseOrder>4</phraseOrder>
<englishPhrase>Here is a copy of our ground rules.</englishPhrase>
<romanized>ley yat cheung haai ngah day ge gay boon kway jug</romanized>
<unicode>呢一张係我哋嘅基本规则</unicode>
<phrase>&amp;#21602;&amp;#19968;&amp;#24352;&amp;#20418;&amp;#25105;&amp;#21707;&amp;#22021;&amp;#22522;&amp;#26412;&amp;#35268;&amp;#21017;</phrase>
</dbo_langKit>
<dbo_langKit>
<phraseID>5</phraseID>
<catID>1</catID>
<phraseOrder>5</phraseOrder>
<englishPhrase>Sign here if you agree to follow the ground rules.</englishPhrase>
<romanized>yu gwor lay tung yee jun sou ngah day ge kway jug, haai ley do chim gor meng</romanized>
<unicode>如果你同意遵守我哋嘅规则，喺呢度签个名</unicode>
<phrase>&amp;#22914;&amp;#26524;&amp;#20320;&amp;#21516;&amp;#24847;&amp;#36981;&amp;#23432;&amp;#25105;&amp;#21707;&amp;#22021;&amp;#35268;&amp;#21017;&amp;#65292;&amp;#21946;&amp;#21602;&amp;#24230;&amp;#31614;&amp;#20010;&amp;#21517;</phrase>
</dbo_langKit>
<dbo_langKit>
<phraseID>6</phraseID>
<catID>1</catID>
<phraseOrder>6</phraseOrder>
<englishPhrase>This is not the public affairs office.</englishPhrase>
<romanized>ley do m haai gung gung see mo sut</romanized>
<unicode>呢度唔係公共事务室</unicode>
<phrase>&amp;#21602;&amp;#24230;&amp;#21780;&amp;#20418;&amp;#20844;&amp;#20849;&amp;#20107;&amp;#21153;&amp;#23460;</phrase>
</dbo_langKit>
<dbo_langKit>
<phraseID>7</phraseID>
<catID>1</catID>
<phraseOrder>7</phraseOrder>
<englishPhrase>I am not an official spokesperson.</englishPhrase>
<romanized>ngah m haai gon fong fat yin yan</romanized>
<unicode>我唔係官方发言人</unicode>
<phrase>&amp;#25105;&amp;#21780;&amp;#20418;&amp;#23448;&amp;#26041;&amp;#21457;&amp;#35328;&amp;#20154;</phrase>
</dbo_langKit>
<dbo_langKit>
<phraseID>8</phraseID>
<catID>1</catID>
<phraseOrder>8</phraseOrder>
<englishPhrase>He does not wish to give an interview.</englishPhrase>
<romanized>kui m seung jeep sou fong mun</romanized>
<unicode>佢唔想接受访问</unicode>
<phrase>&amp;#20322;&amp;#21780;&amp;#24819;&amp;#25509;&amp;#21463;&amp;#35775;&amp;#38382;</phrase>
</dbo_langKit>
<dbo_langKit>
<phraseID>9</phraseID>
<catID>1</catID>
<phraseOrder>9</phraseOrder>
<englishPhrase>She does not wish to give an interview.</englishPhrase>
<romanized>kui m seung jeep sou fong mun</romanized>
<unicode>佢唔想接受访问</unicode>
<phrase>&amp;#20322;&amp;#21780;&amp;#24819;&amp;#25509;&amp;#21463;&amp;#35775;&amp;#38382;</phrase>
</dbo_langKit>
<dbo_langKit>
<phraseID>10</phraseID>
<catID>1</catID>
<phraseOrder>10</phraseOrder>
<englishPhrase>Do not take photos here.</englishPhrase>
<romanized>ley do m bay ying seung</romanized>
<unicode>呢度唔比影相</unicode>
<phrase>&amp;#21602;&amp;#24230;&amp;#21780;&amp;#27604;&amp;#24433;&amp;#30456;</phrase>
</dbo_langKit>
<dbo_langKit>
<phraseID>11</phraseID>
<catID>1</catID>
<phraseOrder>11</phraseOrder>
<englishPhrase>Do not take videos here.</englishPhrase>
<romanized>ley do m bay luk ying</romanized>
<unicode>呢度唔比录影</unicode>
<phrase>&amp;#21602;&amp;#24230;&amp;#21780;&amp;#27604;&amp;#24405;&amp;#24433;</phrase>
</dbo_langKit>
<dbo_langKit>
<phraseID>12</phraseID>
<catID>1</catID>
<phraseOrder>12</phraseOrder>
<englishPhrase>Do not take photos of this place.</englishPhrase>
<romanized>m ho ying ley gor day fong ge seung</romanized>
<unicode>唔好影呢个地方嘅相</unicode>
<phrase>&amp;#21780;&amp;#22909;&amp;#24433;&amp;#21602;&amp;#20010;&amp;#22320;&amp;#26041;&amp;#22021;&amp;#30456;</phrase>
</dbo_langKit>
<dbo_langKit>
<phraseID>13</phraseID>
<catID>1</catID>
<phraseOrder>13</phraseOrder>
<englishPhrase>Do not take videos of this place.</englishPhrase>
<romanized>m ho luk ying ley gor day fong</romanized>
<unicode>唔好录影呢个地方</unicode>
<phrase>&amp;#21780;&amp;#22909;&amp;#24405;&amp;#24433;&amp;#21602;&amp;#20010;&amp;#22320;&amp;#26041;</phrase>
</dbo_langKit>
<dbo_langKit>
<phraseID>14</phraseID>
<catID>1</catID>
<phraseOrder>14</phraseOrder>
<englishPhrase>Do not take photos of this piece of equipment.</englishPhrase>
<romanized>m ho ying ley gor jong bay ge seung</romanized>
<unicode>唔好影呢个装备嘅相</unicode>
<phrase>&amp;#21780;&amp;#22909;&amp;#24433;&amp;#21602;&amp;#20010;&amp;#35013;&amp;#22791;&amp;#22021;&amp;#30456;</phrase>
</dbo_langKit>
<dbo_langKit>
<phraseID>15</phraseID>
<catID>1</catID>
<phraseOrder>15</phraseOrder>
<englishPhrase>Do not take videos of this piece of equipment.</englishPhrase>
<romanized>m ho luk ying ley gor jong bay</romanized>
<unicode>唔好录影呢个装备</unicode>
<phrase>&amp;#21780;&amp;#22909;&amp;#24405;&amp;#24433;&amp;#21602;&amp;#20010;&amp;#35013;&amp;#22791;</phrase>
</dbo_langKit>
<dbo_langKit>
<phraseID>16</phraseID>
<catID>1</catID>
<phraseOrder>16</phraseOrder>
<englishPhrase>You cannot enter this area now.</englishPhrase>
<romanized>ley yee gar m hor yee yup ley ley gor day kui</romanized>
<unicode>你依家唔可以入黎呢个地区</unicode>
<phrase>&amp;#20320;&amp;#20381;&amp;#23478;&amp;#21780;&amp;#21487;&amp;#20197;&amp;#20837;&amp;#40654;&amp;#21602;&amp;#20010;&amp;#22320;&amp;#21306;</phrase>
</dbo_langKit>
<dbo_langKit>
<phraseID>17</phraseID>
<catID>1</catID>
<phraseOrder>17</phraseOrder>
<englishPhrase>For security reasons, I cannot address this question.</englishPhrase>
<romanized>waai on chuen lay yau, ngah m lung gau wui darp ley gor mun taai</romanized>
<unicode>为安全理由，我唔能够回答呢个问题</unicode>
<phrase>&amp;#20026;&amp;#23433;&amp;#20840;&amp;#29702;&amp;#30001;&amp;#65292;&amp;#25105;&amp;#21780;&amp;#33021;&amp;#22815;&amp;#22238;&amp;#31572;&amp;#21602;&amp;#20010;&amp;#38382;&amp;#39064;</phrase>
</dbo_langKit>
<dbo_langKit>
<phraseID>18</phraseID>
<catID>1</catID>
<phraseOrder>18</phraseOrder>
<englishPhrase>I cannot address that question until the investigation is finished.</englishPhrase>
<romanized>jik do tiu char yuen but dzee chin, ngah m lung gau woo darp ley gor mun taai</romanized>
<unicode>直到调查完华之前，我唔能够回答嗰个问题</unicode>
<phrase>&amp;#30452;&amp;#21040;&amp;#35843;&amp;#26597;&amp;#23436;&amp;#21326;&amp;#20043;&amp;#21069;&amp;#65292;&amp;#25105;&amp;#21780;&amp;#33021;&amp;#22815;&amp;#22238;&amp;#31572;&amp;#22000;&amp;#20010;&amp;#38382;&amp;#39064;</phrase>
</dbo_langKit>
<dbo_langKit>
<phraseID>19</phraseID>
<catID>1</catID>
<phraseOrder>19</phraseOrder>
<englishPhrase>We do not discuss personnel or equipment strength with the media.</englishPhrase>
<romanized>ngah day haai m wui tung mui taai to lun yau gwan yan lik tung mey jong bay suk lik ge see</romanized>
<unicode>我哋係唔会同媒体讨论有关人力同埋装备实力嘅事</unicode>
<phrase>&amp;#25105;&amp;#21707;&amp;#20418;&amp;#21780;&amp;#20250;&amp;#21516;&amp;#23186;&amp;#20307;&amp;#35752;&amp;#35770;&amp;#26377;&amp;#20851;&amp;#20154;&amp;#21147;&amp;#21516;&amp;#22475;&amp;#35013;&amp;#22791;&amp;#23454;&amp;#21147;&amp;#22021;&amp;#20107;</phrase>
</dbo_langKit>
<dbo_langKit>
<phraseID>20</phraseID>
<catID>1</catID>
<phraseOrder>20</phraseOrder>
<englishPhrase>We do not discuss future operations with the media.</englishPhrase>
<romanized>ngah day haai m wui tung mui taai to lun yau gwan mey loi heng dung ge see</romanized>
<unicode>我哋係唔会同媒体讨论有关未来行动嘅事</unicode>
<phrase>&amp;#25105;&amp;#21707;&amp;#20418;&amp;#21780;&amp;#20250;&amp;#21516;&amp;#23186;&amp;#20307;&amp;#35752;&amp;#35770;&amp;#26377;&amp;#20851;&amp;#26410;&amp;#26469;&amp;#34892;&amp;#21160;&amp;#22021;&amp;#20107;</phrase>
</dbo_langKit>
<dbo_langKit>
<phraseID>21</phraseID>
<catID>1</catID>
<phraseOrder>21</phraseOrder>
<englishPhrase>We do not discuss nuclear operations with the media.</englishPhrase>
<romanized>ngah day haai m wui tung mui taai to lun yau gwan hut dzee heng dung ge see</romanized>
<unicode>我哋係唔会同媒体讨论有关核子行动嘅事</unicode>
<phrase>&amp;#25105;&amp;#21707;&amp;#20418;&amp;#21780;&amp;#20250;&amp;#21516;&amp;#23186;&amp;#20307;&amp;#35752;&amp;#35770;&amp;#26377;&amp;#20851;&amp;#26680;&amp;#23376;&amp;#34892;&amp;#21160;&amp;#22021;&amp;#20107;</phrase>
</dbo_langKit>
<dbo_langKit>
<phraseID>23</phraseID>
<catID>1</catID>
<phraseOrder>22</phraseOrder>
<englishPhrase>We do not discuss biological operations with the media.</englishPhrase>
<romanized>ngah day haai m wui tung mui taai to lun yau gwan seng mut heng dung ge see</romanized>
<unicode>我哋係唔会同媒体讨论有关生物行动嘅事</unicode>
<phrase>&amp;#25105;&amp;#21707;&amp;#20418;&amp;#21780;&amp;#20250;&amp;#21516;&amp;#23186;&amp;#20307;&amp;#35752;&amp;#35770;&amp;#26377;&amp;#20851;&amp;#29983;&amp;#29289;&amp;#34892;&amp;#21160;&amp;#22021;&amp;#20107;</phrase>
</dbo_langKit>
<dbo_langKit>
<phraseID>24</phraseID>
<catID>1</catID>
<phraseOrder>23</phraseOrder>
<englishPhrase>We do not have information on this subject.</englishPhrase>
<romanized>ngah day mo dui yu ley gor see hong ge dzee liu</romanized>
<unicode>我哋冇对於呢个事项嘅资料</unicode>
<phrase>&amp;#25105;&amp;#21707;&amp;#20871;&amp;#23545;&amp;#26044;&amp;#21602;&amp;#20010;&amp;#20107;&amp;#39033;&amp;#22021;&amp;#36164;&amp;#26009;</phrase>
</dbo_langKit>
<dbo_langKit>
<phraseID>25</phraseID>
<catID>1</catID>
<phraseOrder>24</phraseOrder>
<englishPhrase>Names cannot be released until victims&apos; relatives are notified.</englishPhrase>
<romanized>jik dzee sou hoi tse ge chun suk jeep do tung dzee chin, sou hoi tse ge sing meng haai m wui fat fong ge</romanized>
<unicode>直至受害者嘅亲属接到通知前，受害者嘅姓名係唔会发放嘅</unicode>
<phrase>&amp;#30452;&amp;#33267;&amp;#21463;&amp;#23475;&amp;#32773;&amp;#22021;&amp;#20146;&amp;#23646;&amp;#25509;&amp;#21040;&amp;#36890;&amp;#30693;&amp;#21069;&amp;#65292;&amp;#21463;&amp;#23475;&amp;#32773;&amp;#22021;&amp;#22995;&amp;#21517;&amp;#20418;&amp;#21780;&amp;#20250;&amp;#21457;&amp;#25918;&amp;#22021;</phrase>
</dbo_langKit>
<dbo_langKit>
<phraseID>26</phraseID>
<catID>2</catID>
<phraseOrder>1</phraseOrder>
<englishPhrase>This is the ___ public affairs office.</englishPhrase>
<romanized>ley do haai ___ gung gung see mo sut</romanized>
<unicode>呢度係___公共事务室</unicode>
<phrase>&amp;#21602;&amp;#24230;&amp;#20418;___&amp;#20844;&amp;#20849;&amp;#20107;&amp;#21153;&amp;#23460;</phrase>
</dbo_langKit>
<dbo_langKit>
<phraseID>27</phraseID>
<catID>2</catID>
<phraseOrder>2</phraseOrder>
<englishPhrase>This is not the public affairs office.</englishPhrase>
<romanized>ley do m haai gung gung see mo sut</romanized>
<unicode>呢度唔係公共事务室</unicode>
<phrase>&amp;#21602;&amp;#24230;&amp;#21780;&amp;#20418;&amp;#20844;&amp;#20849;&amp;#20107;&amp;#21153;&amp;#23460;</phrase>
</dbo_langKit>
<dbo_langKit>
<phraseID>28</phraseID>
<catID>2</catID>
<phraseOrder>3</phraseOrder>
<englishPhrase>What is your name?</englishPhrase>
<romanized>lay giu mut yeh meng?</romanized>
<unicode>你叫乜嘢名？</unicode>
<phrase>&amp;#20320;&amp;#21483;&amp;#20060;&amp;#22050;&amp;#21517;&amp;#65311;</phrase>
</dbo_langKit>
<dbo_langKit>
<phraseID>29</phraseID>
<catID>2</catID>
<phraseOrder>4</phraseOrder>
<englishPhrase>What media organization do you represent?</englishPhrase>
<romanized>lay doi bio bin gor mui taai gay kul gar?</romanized>
<unicode>你代表边个媒体机构嫁？</unicode>
<phrase>&amp;#20320;&amp;#20195;&amp;#34920;&amp;#36793;&amp;#20010;&amp;#23186;&amp;#20307;&amp;#26426;&amp;#26500;&amp;#23233;&amp;#65311;</phrase>
</dbo_langKit>
<dbo_langKit>
<phraseID>30</phraseID>
<catID>2</catID>
<phraseOrder>5</phraseOrder>
<englishPhrase>Where is your organization based?</englishPhrase>
<romanized>lay gor gay kul haai bin do gar?</romanized>
<unicode>你个机构係边度嫁？</unicode>
<phrase>&amp;#20320;&amp;#20010;&amp;#26426;&amp;#26500;&amp;#20418;&amp;#36793;&amp;#24230;&amp;#23233;&amp;#65311;</phrase>
</dbo_langKit>
<dbo_langKit>
<phraseID>31</phraseID>
<catID>2</catID>
<phraseOrder>6</phraseOrder>
<englishPhrase>What is your publication?</englishPhrase>
<romanized>lay ge haai mut yeh hon mut?</romanized>
<unicode>你嘅係乜嘢刊物？</unicode>
<phrase>&amp;#20320;&amp;#22021;&amp;#20418;&amp;#20060;&amp;#22050;&amp;#21002;&amp;#29289;&amp;#65311;</phrase>
</dbo_langKit>
<dbo_langKit>
<phraseID>32</phraseID>
<catID>2</catID>
<phraseOrder>7</phraseOrder>
<englishPhrase>What is your program?</englishPhrase>
<romanized>lay ge haai mut yeh jit muk?</romanized>
<unicode>你嘅係乜嘢节目？</unicode>
<phrase>&amp;#20320;&amp;#22021;&amp;#20418;&amp;#20060;&amp;#22050;&amp;#33410;&amp;#30446;&amp;#65311;</phrase>
</dbo_langKit>
<dbo_langKit>
<phraseID>33</phraseID>
<catID>2</catID>
<phraseOrder>8</phraseOrder>
<englishPhrase>What is the subject of this article?</englishPhrase>
<romanized>lay pin meng cheung ge chu taai haai mut yeh?</romanized>
<unicode>你编文章嘅主题係乜嘢？</unicode>
<phrase>&amp;#20320;&amp;#32534;&amp;#25991;&amp;#31456;&amp;#22021;&amp;#20027;&amp;#39064;&amp;#20418;&amp;#20060;&amp;#22050;&amp;#65311;</phrase>
</dbo_langKit>
<dbo_langKit>
<phraseID>34</phraseID>
<catID>2</catID>
<phraseOrder>9</phraseOrder>
<englishPhrase>What is your question?</englishPhrase>
<romanized>lay seung mun mut yeh?</romanized>
<unicode>你想问乜嘢？</unicode>
<phrase>&amp;#20320;&amp;#24819;&amp;#38382;&amp;#20060;&amp;#22050;&amp;#65311;</phrase>
</dbo_langKit>
<dbo_langKit>
<phraseID>35</phraseID>
<catID>2</catID>
<phraseOrder>10</phraseOrder>
<englishPhrase>Could you please ask the question in a different way?</englishPhrase>
<romanized>lay hor yee yung ling yat gor fong fat ley mun ley gor mun taai mah?</romanized>
<unicode>你可以用另一个方法黎问呢个问题吗？</unicode>
<phrase>&amp;#20320;&amp;#21487;&amp;#20197;&amp;#29992;&amp;#21478;&amp;#19968;&amp;#20010;&amp;#26041;&amp;#27861;&amp;#40654;&amp;#38382;&amp;#21602;&amp;#20010;&amp;#38382;&amp;#39064;&amp;#21527;&amp;#65311;</phrase>
</dbo_langKit>
<dbo_langKit>
<phraseID>36</phraseID>
<catID>2</catID>
<phraseOrder>11</phraseOrder>
<englishPhrase>Could you please use simpler language?</englishPhrase>
<romanized>lay hor yee yung gan dan dee ge yu yin mah?</romanized>
<unicode>你可以用简单啲嘅语言吗？</unicode>
<phrase>&amp;#20320;&amp;#21487;&amp;#20197;&amp;#29992;&amp;#31616;&amp;#21333;&amp;#21874;&amp;#22021;&amp;#35821;&amp;#35328;&amp;#21527;&amp;#65311;</phrase>
</dbo_langKit>
<dbo_langKit>
<phraseID>37</phraseID>
<catID>2</catID>
<phraseOrder>12</phraseOrder>
<englishPhrase>What is your deadline?</englishPhrase>
<romanized>lay ge han kay haai mut?</romanized>
<unicode>你嘅限期係乜？</unicode>
<phrase>&amp;#20320;&amp;#22021;&amp;#38480;&amp;#26399;&amp;#20418;&amp;#20060;&amp;#65311;</phrase>
</dbo_langKit>
<dbo_langKit>
<phraseID>38</phraseID>
<catID>2</catID>
<phraseOrder>13</phraseOrder>
<englishPhrase>Tomorrow</englishPhrase>
<romanized>teng yat</romanized>
<unicode>听日</unicode>
<phrase>&amp;#21548;&amp;#26085;</phrase>
</dbo_langKit>
<dbo_langKit>
<phraseID>39</phraseID>
<catID>2</catID>
<phraseOrder>14</phraseOrder>
<englishPhrase>In two days</englishPhrase>
<romanized>leung yat hou</romanized>
<unicode>两日后</unicode>
<phrase>&amp;#20004;&amp;#26085;&amp;#21518;</phrase>
</dbo_langKit>
<dbo_langKit>
<phraseID>40</phraseID>
<catID>2</catID>
<phraseOrder>15</phraseOrder>
<englishPhrase>In three days</englishPhrase>
<romanized>sam yat hou</romanized>
<unicode>三日后</unicode>
<phrase>&amp;#19977;&amp;#26085;&amp;#21518;</phrase>
</dbo_langKit>
<dbo_langKit>
<phraseID>41</phraseID>
<catID>2</catID>
<phraseOrder>16</phraseOrder>
<englishPhrase>Next week</englishPhrase>
<romanized>har gor ley bai</romanized>
<unicode>下个礼拜</unicode>
<phrase>&amp;#19979;&amp;#20010;&amp;#31036;&amp;#25308;</phrase>
</dbo_langKit>
<dbo_langKit>
<phraseID>42</phraseID>
<catID>2</catID>
<phraseOrder>17</phraseOrder>
<englishPhrase>Next month</englishPhrase>
<romanized>har gor yuet</romanized>
<unicode>下个月</unicode>
<phrase>&amp;#19979;&amp;#20010;&amp;#26376;</phrase>
</dbo_langKit>
<dbo_langKit>
<phraseID>43</phraseID>
<catID>2</catID>
<phraseOrder>18</phraseOrder>
<englishPhrase>What is your phone number?</englishPhrase>
<romanized>lay din wah gay dor ho?</romanized>
<unicode>你电话几多号？</unicode>
<phrase>&amp;#20320;&amp;#30005;&amp;#35805;&amp;#20960;&amp;#22810;&amp;#21495;&amp;#65311;</phrase>
</dbo_langKit>
<dbo_langKit>
<phraseID>44</phraseID>
<catID>2</catID>
<phraseOrder>19</phraseOrder>
<englishPhrase>1, 2, 3, 4, 5, 6, 7, 8, 9, 10</englishPhrase>
<romanized>yat, yee, sam, say, m, luk, chut, bart, gou, sup</romanized>
<unicode>一，二，三，四，五，六，七，八，九，十</unicode>
<phrase>&amp;#19968;&amp;#65292;&amp;#20108;&amp;#65292;&amp;#19977;&amp;#65292;&amp;#22235;&amp;#65292;&amp;#20116;&amp;#65292;&amp;#20845;&amp;#65292;&amp;#19971;&amp;#65292;&amp;#20843;&amp;#65292;&amp;#20061;&amp;#65292;&amp;#21313;</phrase>
</dbo_langKit>
<dbo_langKit>
<phraseID>45</phraseID>
<catID>2</catID>
<phraseOrder>20</phraseOrder>
<englishPhrase>Please say one number at a time.</englishPhrase>
<romanized>chang lay jerk gor ho sow gong</romanized>
<unicode>请你着个号数讲</unicode>
<phrase>&amp;#35831;&amp;#20320;&amp;#30528;&amp;#20010;&amp;#21495;&amp;#25968;&amp;#35762;</phrase>
</dbo_langKit>
<dbo_langKit>
<phraseID>46</phraseID>
<catID>2</catID>
<phraseOrder>21</phraseOrder>
<englishPhrase>A press release on that subject is being prepared.</englishPhrase>
<romanized>gor gor mun taai jing joy chun bay gun sun mun fat bo</romanized>
<unicode>嗰个问题正在谁备紧新闻发报</unicode>
<phrase>&amp;#22000;&amp;#20010;&amp;#38382;&amp;#39064;&amp;#27491;&amp;#22312;&amp;#35841;&amp;#22791;&amp;#32039;&amp;#26032;&amp;#38395;&amp;#21457;&amp;#25253;</phrase>
</dbo_langKit>
<dbo_langKit>
<phraseID>47</phraseID>
<catID>2</catID>
<phraseOrder>22</phraseOrder>
<englishPhrase>There will be a press conference on that subject.</englishPhrase>
<romanized>cheung wui yau yat gor gay tse wui fat biw gwan yu gor gor mun taai</romanized>
<unicode>将会有一个记者会发表关於嗰个问题</unicode>
<phrase>&amp;#23558;&amp;#20250;&amp;#26377;&amp;#19968;&amp;#20010;&amp;#35760;&amp;#32773;&amp;#20250;&amp;#21457;&amp;#34920;&amp;#20851;&amp;#26044;&amp;#22000;&amp;#20010;&amp;#38382;&amp;#39064;</phrase>
</dbo_langKit>
<dbo_langKit>
<phraseID>48</phraseID>
<catID>2</catID>
<phraseOrder>23</phraseOrder>
<englishPhrase>The time for the press release has not been decided yet.</englishPhrase>
<romanized>chung mey kut deng sun mun fat bog e see gan</romanized>
<unicode>重未决定新闻发报嘅时间      </unicode>
<phrase>&amp;#37325;&amp;#26410;&amp;#20915;&amp;#23450;&amp;#26032;&amp;#38395;&amp;#21457;&amp;#25253;&amp;#22021;&amp;#26102;&amp;#38388;      </phrase>
</dbo_langKit>
<dbo_langKit>
<phraseID>49</phraseID>
<catID>3</catID>
<phraseOrder>1</phraseOrder>
<englishPhrase>Wear this badge where it can be seen.</englishPhrase>
<romanized>cheung ley gor cheung daai haai hor yee taai do ge day fong</romanized>
<unicode>将呢个章戴喺可以睇倒嘅地方</unicode>
<phrase>&amp;#23558;&amp;#21602;&amp;#20010;&amp;#31456;&amp;#25140;&amp;#21946;&amp;#21487;&amp;#20197;&amp;#30535;&amp;#20498;&amp;#22021;&amp;#22320;&amp;#26041;</phrase>
</dbo_langKit>
<dbo_langKit>
<phraseID>50</phraseID>
<catID>3</catID>
<phraseOrder>2</phraseOrder>
<englishPhrase>Leave your camera with this person.</englishPhrase>
<romanized>fong daai lay gor seung gay bay ley gor yan</romanized>
<unicode>放低你个相机比呢个人</unicode>
<phrase>&amp;#25918;&amp;#20302;&amp;#20320;&amp;#20010;&amp;#30456;&amp;#26426;&amp;#27604;&amp;#21602;&amp;#20010;&amp;#20154;</phrase>
</dbo_langKit>
<dbo_langKit>
<phraseID>51</phraseID>
<catID>3</catID>
<phraseOrder>3</phraseOrder>
<englishPhrase>Leave your cell phone with this person. </englishPhrase>
<romanized>fong daai lay gor saow gay bay ley gor yan</romanized>
<unicode>放低你个手机比呢个人</unicode>
<phrase>&amp;#25918;&amp;#20302;&amp;#20320;&amp;#20010;&amp;#25163;&amp;#26426;&amp;#27604;&amp;#21602;&amp;#20010;&amp;#20154;</phrase>
</dbo_langKit>
<dbo_langKit>
<phraseID>52</phraseID>
<catID>3</catID>
<phraseOrder>4</phraseOrder>
<englishPhrase>I am your escort.</englishPhrase>
<romanized>ngah haai lay ge pui heng</romanized>
<unicode>我係你嘅陪行</unicode>
<phrase>&amp;#25105;&amp;#20418;&amp;#20320;&amp;#22021;&amp;#38506;&amp;#34892;</phrase>
</dbo_langKit>
<dbo_langKit>
<phraseID>53</phraseID>
<catID>3</catID>
<phraseOrder>5</phraseOrder>
<englishPhrase>He is your escort.</englishPhrase>
<romanized>kui haai lay ge pui heng</romanized>
<unicode>佢係你嘅陪行</unicode>
<phrase>&amp;#20322;&amp;#20418;&amp;#20320;&amp;#22021;&amp;#38506;&amp;#34892;</phrase>
</dbo_langKit>
<dbo_langKit>
<phraseID>54</phraseID>
<catID>3</catID>
<phraseOrder>6</phraseOrder>
<englishPhrase>She is your escort.</englishPhrase>
<romanized>kui haai lay ge pui heng</romanized>
<unicode>佢係你嘅陪行</unicode>
<phrase>&amp;#20322;&amp;#20418;&amp;#20320;&amp;#22021;&amp;#38506;&amp;#34892;</phrase>
</dbo_langKit>
<dbo_langKit>
<phraseID>55</phraseID>
<catID>3</catID>
<phraseOrder>7</phraseOrder>
<englishPhrase>Stay within ___ meters of me at all times.</englishPhrase>
<romanized>see see do bo chee tung ngah ___ mite ge kui lay dzee loi</romanized>
<unicode>时时都保持同我___米嘅距离之内</unicode>
<phrase>&amp;#26102;&amp;#26102;&amp;#37117;&amp;#20445;&amp;#25345;&amp;#21516;&amp;#25105;___&amp;#31859;&amp;#22021;&amp;#36317;&amp;#31163;&amp;#20043;&amp;#20869;</phrase>
</dbo_langKit>
<dbo_langKit>
<phraseID>56</phraseID>
<catID>3</catID>
<phraseOrder>8</phraseOrder>
<englishPhrase>Follow her</englishPhrase>
<romanized>gun chu kui</romanized>
<unicode>跟住佢</unicode>
<phrase>&amp;#36319;&amp;#20303;&amp;#20322;</phrase>
</dbo_langKit>
<dbo_langKit>
<phraseID>57</phraseID>
<catID>3</catID>
<phraseOrder>9</phraseOrder>
<englishPhrase>Follow him</englishPhrase>
<romanized>gun chu kui</romanized>
<unicode>跟住佢</unicode>
<phrase>&amp;#36319;&amp;#20303;&amp;#20322;</phrase>
</dbo_langKit>
<dbo_langKit>
<phraseID>58</phraseID>
<catID>3</catID>
<phraseOrder>10</phraseOrder>
<englishPhrase>Follow me</englishPhrase>
<romanized>gun chu ngah</romanized>
<unicode>跟住我</unicode>
<phrase>&amp;#36319;&amp;#20303;&amp;#25105;</phrase>
</dbo_langKit>
<dbo_langKit>
<phraseID>59</phraseID>
<catID>3</catID>
<phraseOrder>11</phraseOrder>
<englishPhrase>Follow them</englishPhrase>
<romanized>gun chu kui day</romanized>
<unicode>跟住佢哋</unicode>
<phrase>&amp;#36319;&amp;#20303;&amp;#20322;&amp;#21707;</phrase>
</dbo_langKit>
<dbo_langKit>
<phraseID>60</phraseID>
<catID>3</catID>
<phraseOrder>12</phraseOrder>
<englishPhrase>You will ride with me in that vehicle.</englishPhrase>
<romanized>lay cheung wui tung ngah yat chaai chor gor gar chey</romanized>
<unicode>你将会同我一齐坐嗰架车</unicode>
<phrase>&amp;#20320;&amp;#23558;&amp;#20250;&amp;#21516;&amp;#25105;&amp;#19968;&amp;#40784;&amp;#22352;&amp;#22000;&amp;#26550;&amp;#36710;</phrase>
</dbo_langKit>
<dbo_langKit>
<phraseID>61</phraseID>
<catID>3</catID>
<phraseOrder>13</phraseOrder>
<englishPhrase>You will ride with us in this vehicle.</englishPhrase>
<romanized>lay cheung wui tung ngah day yat chaai chor ley gar chey</romanized>
<unicode>你将会同我地一齐坐呢架车</unicode>
<phrase>&amp;#20320;&amp;#23558;&amp;#20250;&amp;#21516;&amp;#25105;&amp;#22320;&amp;#19968;&amp;#40784;&amp;#22352;&amp;#21602;&amp;#26550;&amp;#36710;</phrase>
</dbo_langKit>
<dbo_langKit>
<phraseID>62</phraseID>
<catID>3</catID>
<phraseOrder>14</phraseOrder>
<englishPhrase>You will ride with him in that vehicle.</englishPhrase>
<romanized>lay cheung wui tung kui yat chaai chor gor gar chey</romanized>
<unicode>你将会同佢一齐坐嗰架车</unicode>
<phrase>&amp;#20320;&amp;#23558;&amp;#20250;&amp;#21516;&amp;#20322;&amp;#19968;&amp;#40784;&amp;#22352;&amp;#22000;&amp;#26550;&amp;#36710;</phrase>
</dbo_langKit>
<dbo_langKit>
<phraseID>63</phraseID>
<catID>3</catID>
<phraseOrder>15</phraseOrder>
<englishPhrase>You will ride with her.</englishPhrase>
<romanized>lay wui tung kui yat chaai chor</romanized>
<unicode>你会同佢一齐坐</unicode>
<phrase>&amp;#20320;&amp;#20250;&amp;#21516;&amp;#20322;&amp;#19968;&amp;#40784;&amp;#22352;</phrase>
</dbo_langKit>
<dbo_langKit>
<phraseID>64</phraseID>
<catID>3</catID>
<phraseOrder>16</phraseOrder>
<englishPhrase>You will ride with them.</englishPhrase>
<romanized>lay wui tung kui day yat chaai chor</romanized>
<unicode>你会同佢哋一齐坐</unicode>
<phrase>&amp;#20320;&amp;#20250;&amp;#21516;&amp;#20322;&amp;#21707;&amp;#19968;&amp;#40784;&amp;#22352;</phrase>
</dbo_langKit>
<dbo_langKit>
<phraseID>65</phraseID>
<catID>3</catID>
<phraseOrder>17</phraseOrder>
<englishPhrase>Keep your helmet on.</englishPhrase>
<romanized>yat lo daai chu lay deng gong kway</romanized>
<unicode>一路戴住你顶钢规</unicode>
<phrase>&amp;#19968;&amp;#36335;&amp;#25140;&amp;#20303;&amp;#20320;&amp;#39030;&amp;#38050;&amp;#35268;</phrase>
</dbo_langKit>
<dbo_langKit>
<phraseID>66</phraseID>
<catID>3</catID>
<phraseOrder>18</phraseOrder>
<englishPhrase>Keep your seat belt on.</englishPhrase>
<romanized>yat lu kau chu on chuen daai</romanized>
<unicode>一路扣住安全带</unicode>
<phrase>&amp;#19968;&amp;#36335;&amp;#25187;&amp;#20303;&amp;#23433;&amp;#20840;&amp;#24102;</phrase>
</dbo_langKit>
<dbo_langKit>
<phraseID>67</phraseID>
<catID>3</catID>
<phraseOrder>19</phraseOrder>
<englishPhrase>Keep the window closed.</englishPhrase>
<romanized>yat lu lan chu cheung mun</romanized>
<unicode>一路删住窗门</unicode>
<phrase>&amp;#19968;&amp;#36335;&amp;#21024;&amp;#20303;&amp;#31383;&amp;#38376;</phrase>
</dbo_langKit>
<dbo_langKit>
<phraseID>68</phraseID>
<catID>4</catID>
<phraseOrder>1</phraseOrder>
<englishPhrase>I do not wish to give an interview.</englishPhrase>
<romanized>ngah m seung jeep sau choi fong</romanized>
<unicode>我唔想接受采访</unicode>
<phrase>&amp;#25105;&amp;#21780;&amp;#24819;&amp;#25509;&amp;#21463;&amp;#37319;&amp;#35775;</phrase>
</dbo_langKit>
<dbo_langKit>
<phraseID>69</phraseID>
<catID>4</catID>
<phraseOrder>2</phraseOrder>
<englishPhrase>He does not wish to give an interview.</englishPhrase>
<romanized>kui m seung jeep sau choi fong</romanized>
<unicode>佢唔想接受采访</unicode>
<phrase>&amp;#20322;&amp;#21780;&amp;#24819;&amp;#25509;&amp;#21463;&amp;#37319;&amp;#35775;</phrase>
</dbo_langKit>
<dbo_langKit>
<phraseID>70</phraseID>
<catID>4</catID>
<phraseOrder>3</phraseOrder>
<englishPhrase>She does not wish to give an interview.</englishPhrase>
<romanized>kui m seung jeep sau choi fong</romanized>
<unicode>佢唔想接受采访</unicode>
<phrase>&amp;#20322;&amp;#21780;&amp;#24819;&amp;#25509;&amp;#21463;&amp;#37319;&amp;#35775;</phrase>
</dbo_langKit>
<dbo_langKit>
<phraseID>71</phraseID>
<catID>4</catID>
<phraseOrder>4</phraseOrder>
<englishPhrase>I am not qualified to answer that question.</englishPhrase>
<romanized>ngah mo dzee gark wui darp gor gor mun taai</romanized>
<unicode>我冇资格回答嗰个问题</unicode>
<phrase>&amp;#25105;&amp;#20871;&amp;#36164;&amp;#26684;&amp;#22238;&amp;#31572;&amp;#22000;&amp;#20010;&amp;#38382;&amp;#39064;</phrase>
</dbo_langKit>
<dbo_langKit>
<phraseID>72</phraseID>
<catID>4</catID>
<phraseOrder>5</phraseOrder>
<englishPhrase>She is not qualified to answer that question.</englishPhrase>
<romanized>kui mo dzee gark wui darp gor gor mun taai</romanized>
<unicode>佢冇资格回答嗰个问题</unicode>
<phrase>&amp;#20322;&amp;#20871;&amp;#36164;&amp;#26684;&amp;#22238;&amp;#31572;&amp;#22000;&amp;#20010;&amp;#38382;&amp;#39064;</phrase>
</dbo_langKit>
<dbo_langKit>
<phraseID>73</phraseID>
<catID>4</catID>
<phraseOrder>6</phraseOrder>
<englishPhrase>He is not qualified to answer that question.</englishPhrase>
<romanized>kui mo dzee gark wui darp gor gor mun taai</romanized>
<unicode>佢冇资格回答嗰个问题</unicode>
<phrase>&amp;#20322;&amp;#20871;&amp;#36164;&amp;#26684;&amp;#22238;&amp;#31572;&amp;#22000;&amp;#20010;&amp;#38382;&amp;#39064;</phrase>
</dbo_langKit>
<dbo_langKit>
<phraseID>74</phraseID>
<catID>4</catID>
<phraseOrder>7</phraseOrder>
<englishPhrase>He does not want to answer that question.</englishPhrase>
<romanized>kui m seung wui darp gor gor mun taai</romanized>
<unicode>佢唔想回答嗰个问题</unicode>
<phrase>&amp;#20322;&amp;#21780;&amp;#24819;&amp;#22238;&amp;#31572;&amp;#22000;&amp;#20010;&amp;#38382;&amp;#39064;</phrase>
</dbo_langKit>
<dbo_langKit>
<phraseID>75</phraseID>
<catID>4</catID>
<phraseOrder>8</phraseOrder>
<englishPhrase>She does not want to answer that question.</englishPhrase>
<romanized>kui m seung wui darp gor gor mun taai</romanized>
<unicode>佢唔想回答嗰个问题</unicode>
<phrase>&amp;#20322;&amp;#21780;&amp;#24819;&amp;#22238;&amp;#31572;&amp;#22000;&amp;#20010;&amp;#38382;&amp;#39064;</phrase>
</dbo_langKit>
<dbo_langKit>
<phraseID>76</phraseID>
<catID>4</catID>
<phraseOrder>9</phraseOrder>
<englishPhrase>I will not answer this question.</englishPhrase>
<romanized>ngah m wui wui darp ley gor mun taai</romanized>
<unicode>我唔会回答呢个问题</unicode>
<phrase>&amp;#25105;&amp;#21780;&amp;#20250;&amp;#22238;&amp;#31572;&amp;#21602;&amp;#20010;&amp;#38382;&amp;#39064;</phrase>
</dbo_langKit>
<dbo_langKit>
<phraseID>77</phraseID>
<catID>4</catID>
<phraseOrder>10</phraseOrder>
<englishPhrase>I have no answer at this time.</englishPhrase>
<romanized>yin see ngah mo darp on</romanized>
<unicode>现时我冇答案</unicode>
<phrase>&amp;#29616;&amp;#26102;&amp;#25105;&amp;#20871;&amp;#31572;&amp;#26696;</phrase>
</dbo_langKit>
<dbo_langKit>
<phraseID>78</phraseID>
<catID>4</catID>
<phraseOrder>11</phraseOrder>
<englishPhrase>I would like to stop this interview.</englishPhrase>
<romanized>ngah seung teng dzee ley gor choi fong</romanized>
<unicode>我想停止呢个采访</unicode>
<phrase>&amp;#25105;&amp;#24819;&amp;#20572;&amp;#27490;&amp;#21602;&amp;#20010;&amp;#37319;&amp;#35775;</phrase>
</dbo_langKit>
<dbo_langKit>
<phraseID>79</phraseID>
<catID>4</catID>
<phraseOrder>12</phraseOrder>
<englishPhrase>She would like to stop this interview.</englishPhrase>
<romanized>kui seung teng dzee ley gor choi fong</romanized>
<unicode>佢想停止呢个采访</unicode>
<phrase>&amp;#20322;&amp;#24819;&amp;#20572;&amp;#27490;&amp;#21602;&amp;#20010;&amp;#37319;&amp;#35775;</phrase>
</dbo_langKit>
<dbo_langKit>
<phraseID>80</phraseID>
<catID>4</catID>
<phraseOrder>13</phraseOrder>
<englishPhrase>He would like to stop this interview.</englishPhrase>
<romanized>kui seung teng dzee ley gor choi fong</romanized>
<unicode>佢想停止呢个采访</unicode>
<phrase>&amp;#20322;&amp;#24819;&amp;#20572;&amp;#27490;&amp;#21602;&amp;#20010;&amp;#37319;&amp;#35775;</phrase>
</dbo_langKit>
<dbo_langKit>
<phraseID>81</phraseID>
<catID>4</catID>
<phraseOrder>14</phraseOrder>
<englishPhrase>No comment</englishPhrase>
<romanized>but yu dzee ping</romanized>
<unicode>不予置评</unicode>
<phrase>&amp;#19981;&amp;#20104;&amp;#32622;&amp;#35780;</phrase>
</dbo_langKit>
<dbo_langKit>
<phraseID>82</phraseID>
<catID>4</catID>
<phraseOrder>15</phraseOrder>
<englishPhrase>Can you please ask the question in simpler language?</englishPhrase>
<romanized>lay hor yee yung gan dan ge yu ley mum ley gor mun taai mah?</romanized>
<unicode>你可以用简单啲嘅语言黎问呢个问题吗？</unicode>
<phrase>&amp;#20320;&amp;#21487;&amp;#20197;&amp;#29992;&amp;#31616;&amp;#21333;&amp;#21874;&amp;#22021;&amp;#35821;&amp;#35328;&amp;#40654;&amp;#38382;&amp;#21602;&amp;#20010;&amp;#38382;&amp;#39064;&amp;#21527;&amp;#65311;</phrase>
</dbo_langKit>
<dbo_langKit>
<phraseID>83</phraseID>
<catID>4</catID>
<phraseOrder>16</phraseOrder>
<englishPhrase>This interview is over.</englishPhrase>
<romanized>ley chee choi fong yuen but</romanized>
<unicode>呢次采访完毕</unicode>
<phrase>&amp;#21602;&amp;#27425;&amp;#37319;&amp;#35775;&amp;#23436;&amp;#27605;</phrase>
</dbo_langKit>
<dbo_langKit>
<phraseID>84</phraseID>
<catID>5</catID>
<phraseOrder>1</phraseOrder>
<englishPhrase>___ will be here soon.</englishPhrase>
<romanized>___ chow faai wui ley do ley do</romanized>
<unicode>___就快会黎到呢度</unicode>
<phrase>___&amp;#23601;&amp;#24555;&amp;#20250;&amp;#40654;&amp;#21040;&amp;#21602;&amp;#24230;</phrase>
</dbo_langKit>
<dbo_langKit>
<phraseID>85</phraseID>
<catID>5</catID>
<phraseOrder>2</phraseOrder>
<englishPhrase>I will call on you to speak.</englishPhrase>
<romanized>ngah wui dzee meng giu lay gong wah</romanized>
<unicode>我会指名叫你讲话</unicode>
<phrase>&amp;#25105;&amp;#20250;&amp;#25351;&amp;#21517;&amp;#21483;&amp;#20320;&amp;#35762;&amp;#35805;</phrase>
</dbo_langKit>
<dbo_langKit>
<phraseID>86</phraseID>
<catID>5</catID>
<phraseOrder>3</phraseOrder>
<englishPhrase>He will call on you to speak.</englishPhrase>
<romanized>kui wui dzee meng giu lay gong wah</romanized>
<unicode>佢会指名叫你讲话</unicode>
<phrase>&amp;#20322;&amp;#20250;&amp;#25351;&amp;#21517;&amp;#21483;&amp;#20320;&amp;#35762;&amp;#35805;</phrase>
</dbo_langKit>
<dbo_langKit>
<phraseID>87</phraseID>
<catID>5</catID>
<phraseOrder>4</phraseOrder>
<englishPhrase>She will call on you to speak.</englishPhrase>
<romanized>kui wui dzee meng giu lay gong wah</romanized>
<unicode>佢会指名叫你讲话</unicode>
<phrase>&amp;#20322;&amp;#20250;&amp;#25351;&amp;#21517;&amp;#21483;&amp;#20320;&amp;#35762;&amp;#35805;</phrase>
</dbo_langKit>
<dbo_langKit>
<phraseID>88</phraseID>
<catID>5</catID>
<phraseOrder>5</phraseOrder>
<englishPhrase>Please ask only one question each time you are called on.</englishPhrase>
<romanized>dong lay mui chee bay dzee meng see, chang lay dzee mun yat gor mun taai</romanized>
<unicode>当你每次被指名时，请你只问一个问题</unicode>
<phrase>&amp;#24403;&amp;#20320;&amp;#27599;&amp;#27425;&amp;#34987;&amp;#25351;&amp;#21517;&amp;#26102;&amp;#65292;&amp;#35831;&amp;#20320;&amp;#21482;&amp;#38382;&amp;#19968;&amp;#20010;&amp;#38382;&amp;#39064;</phrase>
</dbo_langKit>
<dbo_langKit>
<phraseID>89</phraseID>
<catID>5</catID>
<phraseOrder>6</phraseOrder>
<englishPhrase>You may ask one legitimate follow-up question per turn.</englishPhrase>
<romanized>mui chee lay hor yee gun chun mun yat gor hup sik dzee mun taai</romanized>
<unicode>每次你可以跟进问一个合适嘅问题</unicode>
<phrase>&amp;#27599;&amp;#27425;&amp;#20320;&amp;#21487;&amp;#20197;&amp;#36319;&amp;#36827;&amp;#38382;&amp;#19968;&amp;#20010;&amp;#21512;&amp;#36866;&amp;#22021;&amp;#38382;&amp;#39064;</phrase>
</dbo_langKit>
<dbo_langKit>
<phraseID>90</phraseID>
<catID>5</catID>
<phraseOrder>7</phraseOrder>
<englishPhrase>Please wait for the interpreter to translate your question.</englishPhrase>
<romanized>chang dung fan yik yuen fan yik lay ge mun taai</romanized>
<unicode>请等翻译员翻译你嘅问题</unicode>
<phrase>&amp;#35831;&amp;#31561;&amp;#32763;&amp;#35793;&amp;#21592;&amp;#32763;&amp;#35793;&amp;#20320;&amp;#22021;&amp;#38382;&amp;#39064;</phrase>
</dbo_langKit>
<dbo_langKit>
<phraseID>91</phraseID>
<catID>5</catID>
<phraseOrder>8</phraseOrder>
<englishPhrase>Please wait for the interpreter to translate your answer.</englishPhrase>
<romanized>chang deng fan yik yuan fan yik lay ge wui darp</romanized>
<unicode>请等翻译员翻译你嘅回答</unicode>
<phrase>&amp;#35831;&amp;#31561;&amp;#32763;&amp;#35793;&amp;#21592;&amp;#32763;&amp;#35793;&amp;#20320;&amp;#22021;&amp;#22238;&amp;#31572;</phrase>
</dbo_langKit>
<dbo_langKit>
<phraseID>92</phraseID>
<catID>5</catID>
<phraseOrder>9</phraseOrder>
<englishPhrase>That is a separate question; there may be time to address it later.</englishPhrase>
<romanized>ley gor haai ling oi yat gor mun taai. chee dee hor lung wui yau see gan wui darp</romanized>
<unicode>呢个係另外一个问题。迟啲可能会有时间回 答</unicode>
<phrase>&amp;#21602;&amp;#20010;&amp;#20418;&amp;#21478;&amp;#22806;&amp;#19968;&amp;#20010;&amp;#38382;&amp;#39064;&amp;#12290;&amp;#36831;&amp;#21874;&amp;#21487;&amp;#33021;&amp;#20250;&amp;#26377;&amp;#26102;&amp;#38388;&amp;#22238; &amp;#31572;</phrase>
</dbo_langKit>
<dbo_langKit>
<phraseID>93</phraseID>
<catID>5</catID>
<phraseOrder>10</phraseOrder>
<englishPhrase>We ran out of time.</englishPhrase>
<romanized>ngah day yee ging chiu chut see gan</romanized>
<unicode>我哋已经超出时间</unicode>
<phrase>&amp;#25105;&amp;#21707;&amp;#24050;&amp;#32463;&amp;#36229;&amp;#20986;&amp;#26102;&amp;#38388;</phrase>
</dbo_langKit>
<dbo_langKit>
<phraseID>94</phraseID>
<catID>5</catID>
<phraseOrder>11</phraseOrder>
<englishPhrase>If he promised you information, be sure to give your contact information to ____.</englishPhrase>
<romanized>yu gwor kui darp ying bay siu sik lay, gay chu cheung lay ge luen lok dzee liu bay ___</romanized>
<unicode>如果佢答应比消息你，记住将你嘅联络资料比___</unicode>
<phrase>&amp;#22914;&amp;#26524;&amp;#20322;&amp;#31572;&amp;#24212;&amp;#27604;&amp;#28040;&amp;#24687;&amp;#20320;&amp;#65292;&amp;#35760;&amp;#20303;&amp;#23558;&amp;#20320;&amp;#22021;&amp;#32852;&amp;#32476;&amp;#36164;&amp;#26009;&amp;#27604;___</phrase>
</dbo_langKit>
<dbo_langKit>
<phraseID>95</phraseID>
<catID>5</catID>
<phraseOrder>12</phraseOrder>
<englishPhrase>If she promised you information, be sure to give your contact information to her.</englishPhrase>
<romanized>yu gwor kui darp ying bay siu sik lay, gay chu cheung lay ge luen lok dzee liu bay kui</romanized>
<unicode>如果佢答应比消息你，记住将你嘅联络资料比佢</unicode>
<phrase>&amp;#22914;&amp;#26524;&amp;#20322;&amp;#31572;&amp;#24212;&amp;#27604;&amp;#28040;&amp;#24687;&amp;#20320;&amp;#65292;&amp;#35760;&amp;#20303;&amp;#23558;&amp;#20320;&amp;#22021;&amp;#32852;&amp;#32476;&amp;#36164;&amp;#26009;&amp;#27604;&amp;#20322;</phrase>
</dbo_langKit>
<dbo_langKit>
<phraseID>96</phraseID>
<catID>5</catID>
<phraseOrder>13</phraseOrder>
<englishPhrase>If I promised you information, be sure to give your contact information to me.</englishPhrase>
<romanized>yu gwor kui darp ying bay siu sik lay, gay chu cheung lay ge luen lok dzee liu bay ngah</romanized>
<unicode>如果佢答应比消息你，记住将你嘅联络资料比我</unicode>
<phrase>&amp;#22914;&amp;#26524;&amp;#20322;&amp;#31572;&amp;#24212;&amp;#27604;&amp;#28040;&amp;#24687;&amp;#20320;&amp;#65292;&amp;#35760;&amp;#20303;&amp;#23558;&amp;#20320;&amp;#22021;&amp;#32852;&amp;#32476;&amp;#36164;&amp;#26009;&amp;#27604;&amp;#25105;</phrase>
</dbo_langKit>
<dbo_langKit>
<phraseID>97</phraseID>
<catID>5</catID>
<phraseOrder>14</phraseOrder>
<englishPhrase>Another session will take place later today.</englishPhrase>
<romanized>gum yat chee dee wui yau ling yat chee jarp wui</romanized>
<unicode>今日迟啲会有另一次集会</unicode>
<phrase>&amp;#20170;&amp;#26085;&amp;#36831;&amp;#21874;&amp;#20250;&amp;#26377;&amp;#21478;&amp;#19968;&amp;#27425;&amp;#38598;&amp;#20250;</phrase>
</dbo_langKit>
<dbo_langKit>
<phraseID>98</phraseID>
<catID>5</catID>
<phraseOrder>15</phraseOrder>
<englishPhrase>Thanks for your cooperation.</englishPhrase>
<romanized>dor tse lay day ge hup jork</romanized>
<unicode>多谢你哋嘅合作</unicode>
<phrase>&amp;#22810;&amp;#35874;&amp;#20320;&amp;#21707;&amp;#22021;&amp;#21512;&amp;#20316;</phrase>
</dbo_langKit>
<dbo_langKit>
<phraseID>99</phraseID>
<catID>5</catID>
<phraseOrder>16</phraseOrder>
<englishPhrase>Thanks for your understanding.</englishPhrase>
<romanized>dor tse lay day ming bak</romanized>
<unicode>多谢你哋明白</unicode>
<phrase>&amp;#22810;&amp;#35874;&amp;#20320;&amp;#21707;&amp;#26126;&amp;#30333;</phrase>
</dbo_langKit>
<dbo_langKit>
<phraseID>100</phraseID>
<catID>6</catID>
<phraseOrder>1</phraseOrder>
<englishPhrase>I am not an official spokesperson.</englishPhrase>
<romanized>ngah m haai gon fong fat yin yan</romanized>
<unicode>我唔係官方发言人</unicode>
<phrase>&amp;#25105;&amp;#21780;&amp;#20418;&amp;#23448;&amp;#26041;&amp;#21457;&amp;#35328;&amp;#20154;</phrase>
</dbo_langKit>
<dbo_langKit>
<phraseID>101</phraseID>
<catID>6</catID>
<phraseOrder>2</phraseOrder>
<englishPhrase>Please wait for the public affairs representative.</englishPhrase>
<romanized>chang deng gung gung see mo sut ge doi biw ley</romanized>
<unicode>请等公共事务室嘅代表黎</unicode>
<phrase>&amp;#35831;&amp;#31561;&amp;#20844;&amp;#20849;&amp;#20107;&amp;#21153;&amp;#23460;&amp;#22021;&amp;#20195;&amp;#34920;&amp;#40654;</phrase>
</dbo_langKit>
<dbo_langKit>
<phraseID>102</phraseID>
<catID>6</catID>
<phraseOrder>3</phraseOrder>
<englishPhrase>I can only tell you what I know.</englishPhrase>
<romanized>ngah dzee hor yee wah bay lay teng ngah dzee do ge yeh</romanized>
<unicode>我只可以话比你听我知道嘅嘢</unicode>
<phrase>&amp;#25105;&amp;#21482;&amp;#21487;&amp;#20197;&amp;#35805;&amp;#27604;&amp;#20320;&amp;#21548;&amp;#25105;&amp;#30693;&amp;#36947;&amp;#22021;&amp;#22050;</phrase>
</dbo_langKit>
<dbo_langKit>
<phraseID>103</phraseID>
<catID>6</catID>
<phraseOrder>4</phraseOrder>
<englishPhrase>The situation is under control.</englishPhrase>
<romanized>ching fong yee gar sou do hung dzaai</romanized>
<unicode>情况而家受到控制</unicode>
<phrase>&amp;#24773;&amp;#20917;&amp;#32780;&amp;#23478;&amp;#21463;&amp;#21040;&amp;#25511;&amp;#21046;</phrase>
</dbo_langKit>
<dbo_langKit>
<phraseID>104</phraseID>
<catID>6</catID>
<phraseOrder>5</phraseOrder>
<englishPhrase>We are doing everything we can to restore order.</englishPhrase>
<romanized>ngah day yee gar chun jor yat chaai ley fui fok deep tsui</romanized>
<unicode>我哋依家尽左一切黎恢复秩序</unicode>
<phrase>&amp;#25105;&amp;#21707;&amp;#20381;&amp;#23478;&amp;#23613;&amp;#24038;&amp;#19968;&amp;#20999;&amp;#40654;&amp;#24674;&amp;#22797;&amp;#31209;&amp;#24207;</phrase>
</dbo_langKit>
<dbo_langKit>
<phraseID>105</phraseID>
<catID>6</catID>
<phraseOrder>6</phraseOrder>
<englishPhrase>We are doing everything we can to protect lives.</englishPhrase>
<romanized>ngah day yee gar chun jor yat chaai ley bo woo sing meng</romanized>
<unicode>我哋依家尽左一切黎保护性命</unicode>
<phrase>&amp;#25105;&amp;#21707;&amp;#20381;&amp;#23478;&amp;#23613;&amp;#24038;&amp;#19968;&amp;#20999;&amp;#40654;&amp;#20445;&amp;#25252;&amp;#24615;&amp;#21629;</phrase>
</dbo_langKit>
<dbo_langKit>
<phraseID>106</phraseID>
<catID>6</catID>
<phraseOrder>7</phraseOrder>
<englishPhrase>We are doing everything we can to save lives.</englishPhrase>
<romanized>ngah day yee gar jun jor yat chaai ley gaai gou sing meng</romanized>
<unicode>我哋依家尽左一切黎解救性命</unicode>
<phrase>&amp;#25105;&amp;#21707;&amp;#20381;&amp;#23478;&amp;#23613;&amp;#24038;&amp;#19968;&amp;#20999;&amp;#40654;&amp;#35299;&amp;#25937;&amp;#24615;&amp;#21629;</phrase>
</dbo_langKit>
<dbo_langKit>
<phraseID>107</phraseID>
<catID>6</catID>
<phraseOrder>8</phraseOrder>
<englishPhrase>There was an incident.</englishPhrase>
<romanized>fat seng jor yat gor yee oi</romanized>
<unicode>发生咗一个意外</unicode>
<phrase>&amp;#21457;&amp;#29983;&amp;#21655;&amp;#19968;&amp;#20010;&amp;#24847;&amp;#22806;</phrase>
</dbo_langKit>
<dbo_langKit>
<phraseID>108</phraseID>
<catID>6</catID>
<phraseOrder>9</phraseOrder>
<englishPhrase>The incident is under investigation.</englishPhrase>
<romanized>gin see gin jing jor tiu char gun</romanized>
<unicode>件事件正在调查紧</unicode>
<phrase>&amp;#20214;&amp;#20107;&amp;#20214;&amp;#27491;&amp;#22312;&amp;#35843;&amp;#26597;&amp;#32039;</phrase>
</dbo_langKit>
<dbo_langKit>
<phraseID>109</phraseID>
<catID>6</catID>
<phraseOrder>10</phraseOrder>
<englishPhrase>We are taking this matter very seriously.</englishPhrase>
<romanized>ngah day ho cheng chung ley dui doi ley gor see gin</romanized>
<unicode>我哋好郑重黎对待呢 个事件</unicode>
<phrase>&amp;#25105;&amp;#21707;&amp;#22909;&amp;#37073;&amp;#37325;&amp;#40654;&amp;#23545;&amp;#24453;&amp;#21602; &amp;#20010;&amp;#20107;&amp;#20214;</phrase>
</dbo_langKit>
<dbo_langKit>
<phraseID>110</phraseID>
<catID>6</catID>
<phraseOrder>11</phraseOrder>
<englishPhrase>People have been injured.</englishPhrase>
<romanized>yau yan sou for seung</romanized>
<unicode>有人受咗伤</unicode>
<phrase>&amp;#26377;&amp;#20154;&amp;#21463;&amp;#21655;&amp;#20260;</phrase>
</dbo_langKit>
<dbo_langKit>
<phraseID>111</phraseID>
<catID>6</catID>
<phraseOrder>12</phraseOrder>
<englishPhrase>Civilians have been injured.</englishPhrase>
<romanized>yau ping men sou jor seung</romanized>
<unicode>有平民受咗伤</unicode>
<phrase>&amp;#26377;&amp;#24179;&amp;#27665;&amp;#21463;&amp;#21655;&amp;#20260;</phrase>
</dbo_langKit>
<dbo_langKit>
<phraseID>112</phraseID>
<catID>6</catID>
<phraseOrder>13</phraseOrder>
<englishPhrase>Police have been injured.</englishPhrase>
<romanized>yau ging chart sou jor seung</romanized>
<unicode>有警察受咗伤</unicode>
<phrase>&amp;#26377;&amp;#35686;&amp;#23519;&amp;#21463;&amp;#21655;&amp;#20260;</phrase>
</dbo_langKit>
<dbo_langKit>
<phraseID>113</phraseID>
<catID>6</catID>
<phraseOrder>14</phraseOrder>
<englishPhrase>Service members have been injured.</englishPhrase>
<romanized>yau gwan yan sou jor seung</romanized>
<unicode>有军人受咗伤</unicode>
<phrase>&amp;#26377;&amp;#20891;&amp;#20154;&amp;#21463;&amp;#21655;&amp;#20260;</phrase>
</dbo_langKit>
<dbo_langKit>
<phraseID>114</phraseID>
<catID>6</catID>
<phraseOrder>15</phraseOrder>
<englishPhrase>Service members have been killed.</englishPhrase>
<romanized>yau gwan yan bay sart</romanized>
<unicode>有军人被杀</unicode>
<phrase>&amp;#26377;&amp;#20891;&amp;#20154;&amp;#34987;&amp;#26432;</phrase>
</dbo_langKit>
<dbo_langKit>
<phraseID>115</phraseID>
<catID>6</catID>
<phraseOrder>16</phraseOrder>
<englishPhrase>People have been killed.</englishPhrase>
<romanized>yau yan bay sart</romanized>
<unicode>有人被杀</unicode>
<phrase>&amp;#26377;&amp;#20154;&amp;#34987;&amp;#26432;</phrase>
</dbo_langKit>
<dbo_langKit>
<phraseID>116</phraseID>
<catID>6</catID>
<phraseOrder>17</phraseOrder>
<englishPhrase>Civilians have been killed.</englishPhrase>
<romanized>yau ping mun bay sart</romanized>
<unicode>有平民被杀</unicode>
<phrase>&amp;#26377;&amp;#24179;&amp;#27665;&amp;#34987;&amp;#26432;</phrase>
</dbo_langKit>
<dbo_langKit>
<phraseID>117</phraseID>
<catID>6</catID>
<phraseOrder>18</phraseOrder>
<englishPhrase>Names cannot be released until victims&apos; relatives are notified.</englishPhrase>
<romanized>jik do tung dzee say tse chun suk, m hor yee gung bo sou hoi tse ge sing meng</romanized>
<unicode>直到通知死者亲属，唔可以公布受害者嘅姓名</unicode>
<phrase>&amp;#30452;&amp;#21040;&amp;#36890;&amp;#30693;&amp;#27515;&amp;#32773;&amp;#20146;&amp;#23646;&amp;#65292;&amp;#21780;&amp;#21487;&amp;#20197;&amp;#20844;&amp;#24067;&amp;#21463;&amp;#23475;&amp;#32773;&amp;#22021;&amp;#22995;&amp;#21517;</phrase>
</dbo_langKit>
<dbo_langKit>
<phraseID>118</phraseID>
<catID>6</catID>
<phraseOrder>19</phraseOrder>
<englishPhrase>The official spokesman is expected here soon.</englishPhrase>
<romanized>gwun fong fat yin yan ho fei chow wui ley do ley do</romanized>
<unicode>官方发言人好快就 会黎到呢度</unicode>
<phrase>&amp;#23448;&amp;#26041;&amp;#21457;&amp;#35328;&amp;#20154;&amp;#22909;&amp;#24555;&amp;#23601; &amp;#20250;&amp;#40654;&amp;#21040;&amp;#21602;&amp;#24230;</phrase>
</dbo_langKit>
<dbo_langKit>
<phraseID>119</phraseID>
<catID>6</catID>
<phraseOrder>20</phraseOrder>
<englishPhrase>Appropriate action will be taken.</englishPhrase>
<romanized>wui choy tsui sik dong heng dung</romanized>
<unicode>会采取适当行动</unicode>
<phrase>&amp;#20250;&amp;#37319;&amp;#21462;&amp;#36866;&amp;#24403;&amp;#34892;&amp;#21160;</phrase>
</dbo_langKit>
<dbo_langKit>
<phraseID>120</phraseID>
<catID>6</catID>
<phraseOrder>21</phraseOrder>
<englishPhrase>We take every report of wrongdoing very seriously.</englishPhrase>
<romanized>ngah day wui ho cheng chung schui ley fai fat heng dung ge po go</romanized>
<unicode>我哋会好郑重处理非法行动嘅报告</unicode>
<phrase>&amp;#25105;&amp;#21707;&amp;#20250;&amp;#22909;&amp;#37073;&amp;#37325;&amp;#22788;&amp;#29702;&amp;#38750;&amp;#27861;&amp;#34892;&amp;#21160;&amp;#22021;&amp;#25253;&amp;#21578;</phrase>
</dbo_langKit>
<dbo_langKit>
<phraseID>121</phraseID>
<catID>6</catID>
<phraseOrder>22</phraseOrder>
<englishPhrase>We have secured the area where the incident occurred.</englishPhrase>
<romanized>ngah day yee ging fung bai yin cheung ge chow waai</romanized>
<unicode>我哋己经封闭现场嘅周围</unicode>
<phrase>&amp;#25105;&amp;#21707;&amp;#24049;&amp;#32463;&amp;#23553;&amp;#38381;&amp;#29616;&amp;#22330;&amp;#22021;&amp;#21608;&amp;#22260;</phrase>
</dbo_langKit>
<dbo_langKit>
<phraseID>122</phraseID>
<catID>6</catID>
<phraseOrder>23</phraseOrder>
<englishPhrase>I am sorry but you have to wait for the report.</englishPhrase>
<romanized>dui m ju, dan haai lay day yiu dung po go</romanized>
<unicode>对唔住，但係你哋要等报告</unicode>
<phrase>&amp;#23545;&amp;#21780;&amp;#20303;&amp;#65292;&amp;#20294;&amp;#20418;&amp;#20320;&amp;#21707;&amp;#35201;&amp;#31561;&amp;#25253;&amp;#21578;</phrase>
</dbo_langKit>
</dataroot>
