<?xml version="1.0" encoding="UTF-8"?>
<dataroot xmlns:od="urn:schemas-microsoft-com:officedata" generated="2007-03-20T09:02:30">
<dbo_langKit>
<phraseID>640</phraseID>
<catID>1</catID>
<phraseOrder>1</phraseOrder>
<englishPhrase>Where is the captain?</englishPhrase>
<romanized>suen chang haai bin do ah?</romanized>
<unicode>船长系边度呀？</unicode>
<phrase>&amp;#33337;&amp;#38271;&amp;#31995;&amp;#36793;&amp;#24230;&amp;#21568;&amp;#65311;</phrase>
</dbo_langKit>
<dbo_langKit>
<phraseID>641</phraseID>
<catID>1</catID>
<phraseOrder>2</phraseOrder>
<englishPhrase>Where are the weapons?</englishPhrase>
<romanized>dee mo haai fong haai bin do ah?</romanized>
<unicode>啲武器放系边度呀？</unicode>
<phrase>&amp;#21874;&amp;#27494;&amp;#22120;&amp;#25918;&amp;#31995;&amp;#36793;&amp;#24230;&amp;#21568;&amp;#65311;</phrase>
</dbo_langKit>
<dbo_langKit>
<phraseID>642</phraseID>
<catID>1</catID>
<phraseOrder>3</phraseOrder>
<englishPhrase>Where is the control room?</englishPhrase>
<romanized>hung dzaai sut haai bin do ah?</romanized>
<unicode>控制室系边度呀？</unicode>
<phrase>&amp;#25511;&amp;#21046;&amp;#23460;&amp;#31995;&amp;#36793;&amp;#24230;&amp;#21568;&amp;#65311;</phrase>
</dbo_langKit>
<dbo_langKit>
<phraseID>643</phraseID>
<catID>1</catID>
<phraseOrder>4</phraseOrder>
<englishPhrase>Where is the manifest?</englishPhrase>
<romanized>for mut meng dan haai bin do ah?</romanized>
<unicode>货物名单系边度呀？</unicode>
<phrase>&amp;#36135;&amp;#29289;&amp;#21517;&amp;#21333;&amp;#31995;&amp;#36793;&amp;#24230;&amp;#21568;&amp;#65311;</phrase>
</dbo_langKit>
<dbo_langKit>
<phraseID>644</phraseID>
<catID>1</catID>
<phraseOrder>5</phraseOrder>
<englishPhrase>How many men are on this ship?</englishPhrase>
<romanized>ley jak suen seung yau gey dor yan ah?</romanized>
<unicode>呢只船上有几多人呀？</unicode>
<phrase>&amp;#21602;&amp;#21482;&amp;#33337;&amp;#19978;&amp;#26377;&amp;#20960;&amp;#22810;&amp;#20154;&amp;#21568;&amp;#65311;</phrase>
</dbo_langKit>
<dbo_langKit>
<phraseID>645</phraseID>
<catID>1</catID>
<phraseOrder>6</phraseOrder>
<englishPhrase>Maintain the speed at 5 knots!</englishPhrase>
<romanized>bo chee chok do haai m hoi lay!</romanized>
<unicode>保持速度系五海里!</unicode>
<phrase>&amp;#20445;&amp;#25345;&amp;#36895;&amp;#24230;&amp;#31995;&amp;#20116;&amp;#28023;&amp;#37324;!</phrase>
</dbo_langKit>
<dbo_langKit>
<phraseID>646</phraseID>
<catID>1</catID>
<phraseOrder>7</phraseOrder>
<englishPhrase>Go 180 degrees now!</englishPhrase>
<romanized>yee gar jun yat bah bart sup do!</romanized>
<unicode>而家转一百八十度！</unicode>
<phrase>&amp;#32780;&amp;#23478;&amp;#36716;&amp;#19968;&amp;#30334;&amp;#20843;&amp;#21313;&amp;#24230;&amp;#65281;</phrase>
</dbo_langKit>
<dbo_langKit>
<phraseID>647</phraseID>
<catID>1</catID>
<phraseOrder>8</phraseOrder>
<englishPhrase>What is the cargo?</englishPhrase>
<romanized>haai dee mut yeah for?</romanized>
<unicode>系啲乜野货？</unicode>
<phrase>&amp;#31995;&amp;#21874;&amp;#20060;&amp;#37326;&amp;#36135;&amp;#65311;</phrase>
</dbo_langKit>
<dbo_langKit>
<phraseID>648</phraseID>
<catID>1</catID>
<phraseOrder>9</phraseOrder>
<englishPhrase>Where is the main office?</englishPhrase>
<romanized>chung bang kung suk haai bin do?</romanized>
<unicode>总办公室系边度？</unicode>
<phrase>&amp;#24635;&amp;#21150;&amp;#20844;&amp;#23460;&amp;#31995;&amp;#36793;&amp;#24230;&amp;#65311;</phrase>
</dbo_langKit>
<dbo_langKit>
<phraseID>649</phraseID>
<catID>1</catID>
<phraseOrder>10</phraseOrder>
<englishPhrase>Where is the port?</englishPhrase>
<romanized>hoi kong haai bin do?</romanized>
<unicode>海港系边度？</unicode>
<phrase>&amp;#28023;&amp;#28207;&amp;#31995;&amp;#36793;&amp;#24230;&amp;#65311;</phrase>
</dbo_langKit>
<dbo_langKit>
<phraseID>650</phraseID>
<catID>1</catID>
<phraseOrder>11</phraseOrder>
<englishPhrase>Stop the engines!</englishPhrase>
<romanized>sik yun king!</romanized>
<unicode>熄引擎！</unicode>
<phrase>&amp;#29060;&amp;#24341;&amp;#25806;&amp;#65281;</phrase>
</dbo_langKit>
<dbo_langKit>
<phraseID>651</phraseID>
<catID>1</catID>
<phraseOrder>12</phraseOrder>
<englishPhrase>Muster the crew! </englishPhrase>
<romanized>giu chaait dee suen yuan ley!</romanized>
<unicode>叫齐啲船员黎！</unicode>
<phrase>&amp;#21483;&amp;#40784;&amp;#21874;&amp;#33337;&amp;#21592;&amp;#40654;&amp;#65281;</phrase>
</dbo_langKit>
<dbo_langKit>
<phraseID>652</phraseID>
<catID>1</catID>
<phraseOrder>13</phraseOrder>
<englishPhrase>Give me the navy chart.</englishPhrase>
<romanized>bay cheung hoi to ngah</romanized>
<unicode>比张海图我</unicode>
<phrase>&amp;#27604;&amp;#24352;&amp;#28023;&amp;#22270;&amp;#25105;</phrase>
</dbo_langKit>
<dbo_langKit>
<phraseID>653</phraseID>
<catID>1</catID>
<phraseOrder>14</phraseOrder>
<englishPhrase>Give me the ship&apos;s logs.</englishPhrase>
<romanized>bay jak suen ge hong heng gey lok ngah</romanized>
<unicode>比只船既航行记录我</unicode>
<phrase>&amp;#27604;&amp;#21482;&amp;#33337;&amp;#26082;&amp;#33322;&amp;#34892;&amp;#35760;&amp;#24405;&amp;#25105;</phrase>
</dbo_langKit>
<dbo_langKit>
<phraseID>654</phraseID>
<catID>2</catID>
<phraseOrder>1</phraseOrder>
<englishPhrase>Guide me to ___.</englishPhrase>
<romanized>daai ngah hui ___</romanized>
<unicode>带我去___</unicode>
<phrase>&amp;#24102;&amp;#25105;&amp;#21435;___</phrase>
</dbo_langKit>
<dbo_langKit>
<phraseID>655</phraseID>
<catID>2</catID>
<phraseOrder>2</phraseOrder>
<englishPhrase>Go to ___.</englishPhrase>
<romanized>hui ___</romanized>
<unicode>去___</unicode>
<phrase>&amp;#21435;___</phrase>
</dbo_langKit>
<dbo_langKit>
<phraseID>656</phraseID>
<catID>2</catID>
<phraseOrder>3</phraseOrder>
<englishPhrase>Go straight.</englishPhrase>
<romanized>jik heng</romanized>
<unicode>直行</unicode>
<phrase>&amp;#30452;&amp;#34892;</phrase>
</dbo_langKit>
<dbo_langKit>
<phraseID>657</phraseID>
<catID>2</catID>
<phraseOrder>4</phraseOrder>
<englishPhrase>Go to the north.</englishPhrase>
<romanized>heung buk heng</romanized>
<unicode>向北行</unicode>
<phrase>&amp;#21521;&amp;#21271;&amp;#34892;</phrase>
</dbo_langKit>
<dbo_langKit>
<phraseID>658</phraseID>
<catID>2</catID>
<phraseOrder>5</phraseOrder>
<englishPhrase>Go to the east.</englishPhrase>
<romanized>heung dung heng</romanized>
<unicode>向东行</unicode>
<phrase>&amp;#21521;&amp;#19996;&amp;#34892;</phrase>
</dbo_langKit>
<dbo_langKit>
<phraseID>659</phraseID>
<catID>2</catID>
<phraseOrder>6</phraseOrder>
<englishPhrase>Go to the west.</englishPhrase>
<romanized>heung site heng</romanized>
<unicode>向西行</unicode>
<phrase>&amp;#21521;&amp;#35199;&amp;#34892;</phrase>
</dbo_langKit>
<dbo_langKit>
<phraseID>660</phraseID>
<catID>2</catID>
<phraseOrder>7</phraseOrder>
<englishPhrase>Go to the south.</englishPhrase>
<romanized>heung lam heng</romanized>
<unicode>向南行</unicode>
<phrase>&amp;#21521;&amp;#21335;&amp;#34892;</phrase>
</dbo_langKit>
<dbo_langKit>
<phraseID>661</phraseID>
<catID>2</catID>
<phraseOrder>8</phraseOrder>
<englishPhrase>Follow directions.</englishPhrase>
<romanized>gun dzee see dzo</romanized>
<unicode>跟指示做</unicode>
<phrase>&amp;#36319;&amp;#25351;&amp;#31034;&amp;#20570;</phrase>
</dbo_langKit>
<dbo_langKit>
<phraseID>662</phraseID>
<catID>2</catID>
<phraseOrder>9</phraseOrder>
<englishPhrase>Walk to ___.</englishPhrase>
<romanized>heng hui ___</romanized>
<unicode>行去___</unicode>
<phrase>&amp;#34892;&amp;#21435;___</phrase>
</dbo_langKit>
<dbo_langKit>
<phraseID>663</phraseID>
<catID>2</catID>
<phraseOrder>10</phraseOrder>
<englishPhrase>Walk forward.</englishPhrase>
<romanized>heung chin heng</romanized>
<unicode>向前行</unicode>
<phrase>&amp;#21521;&amp;#21069;&amp;#34892;</phrase>
</dbo_langKit>
<dbo_langKit>
<phraseID>664</phraseID>
<catID>2</catID>
<phraseOrder>11</phraseOrder>
<englishPhrase>Turn to ___.</englishPhrase>
<romanized>jun hui ___</romanized>
<unicode>转去___</unicode>
<phrase>&amp;#36716;&amp;#21435;___</phrase>
</dbo_langKit>
<dbo_langKit>
<phraseID>665</phraseID>
<catID>2</catID>
<phraseOrder>12</phraseOrder>
<englishPhrase>Turn to the right.</englishPhrase>
<romanized>heung yau jun</romanized>
<unicode>向右转</unicode>
<phrase>&amp;#21521;&amp;#21491;&amp;#36716;</phrase>
</dbo_langKit>
<dbo_langKit>
<phraseID>666</phraseID>
<catID>2</catID>
<phraseOrder>13</phraseOrder>
<englishPhrase>Turn to the left.</englishPhrase>
<romanized>heung jaw jun</romanized>
<unicode>向左转</unicode>
<phrase>&amp;#21521;&amp;#24038;&amp;#36716;</phrase>
</dbo_langKit>
<dbo_langKit>
<phraseID>667</phraseID>
<catID>2</catID>
<phraseOrder>14</phraseOrder>
<englishPhrase>About face.</englishPhrase>
<romanized>heung hau jun</romanized>
<unicode>向后转</unicode>
<phrase>&amp;#21521;&amp;#21518;&amp;#36716;</phrase>
</dbo_langKit>
<dbo_langKit>
<phraseID>668</phraseID>
<catID>3</catID>
<phraseOrder>1</phraseOrder>
<englishPhrase>Load the weapon.</englishPhrase>
<romanized>chong seung dzee dan</romanized>
<unicode>装上子弹</unicode>
<phrase>&amp;#35013;&amp;#19978;&amp;#23376;&amp;#24377;</phrase>
</dbo_langKit>
<dbo_langKit>
<phraseID>669</phraseID>
<catID>3</catID>
<phraseOrder>2</phraseOrder>
<englishPhrase>Get ready.</englishPhrase>
<romanized>yu bay</romanized>
<unicode>预备</unicode>
<phrase>&amp;#39044;&amp;#22791;</phrase>
</dbo_langKit>
<dbo_langKit>
<phraseID>670</phraseID>
<catID>3</catID>
<phraseOrder>3</phraseOrder>
<englishPhrase>Fire!</englishPhrase>
<romanized>hoi for!</romanized>
<unicode>开火！</unicode>
<phrase>&amp;#24320;&amp;#28779;&amp;#65281;</phrase>
</dbo_langKit>
<dbo_langKit>
<phraseID>671</phraseID>
<catID>3</catID>
<phraseOrder>4</phraseOrder>
<englishPhrase>Pull the slide.</englishPhrase>
<romanized>laai dung wat guan</romanized>
<unicode>拉动滑管</unicode>
<phrase>&amp;#25289;&amp;#21160;&amp;#28369;&amp;#31649;</phrase>
</dbo_langKit>
<dbo_langKit>
<phraseID>672</phraseID>
<catID>3</catID>
<phraseOrder>5</phraseOrder>
<englishPhrase>Clear on the right.</englishPhrase>
<romanized>yau bin mo jaw</romanized>
<unicode>右边冇阻</unicode>
<phrase>&amp;#21491;&amp;#36793;&amp;#20871;&amp;#38459;</phrase>
</dbo_langKit>
<dbo_langKit>
<phraseID>673</phraseID>
<catID>3</catID>
<phraseOrder>6</phraseOrder>
<englishPhrase>Clear on the left.</englishPhrase>
<romanized>jaw bin mo jaw</romanized>
<unicode>左边冇阻</unicode>
<phrase>&amp;#24038;&amp;#36793;&amp;#20871;&amp;#38459;</phrase>
</dbo_langKit>
<dbo_langKit>
<phraseID>674</phraseID>
<catID>3</catID>
<phraseOrder>7</phraseOrder>
<englishPhrase>Secure the magazine.</englishPhrase>
<romanized>fong ho gor dzee dan hup</romanized>
<unicode>放好个子弹盒</unicode>
<phrase>&amp;#25918;&amp;#22909;&amp;#20010;&amp;#23376;&amp;#24377;&amp;#30418;</phrase>
</dbo_langKit>
<dbo_langKit>
<phraseID>675</phraseID>
<catID>3</catID>
<phraseOrder>8</phraseOrder>
<englishPhrase>Pull the trigger.</englishPhrase>
<romanized>bahn gaait</romanized>
<unicode>扳鸡</unicode>
<phrase>&amp;#25203;&amp;#40481;</phrase>
</dbo_langKit>
<dbo_langKit>
<phraseID>676</phraseID>
<catID>3</catID>
<phraseOrder>9</phraseOrder>
<englishPhrase>Don&apos;t shoot!</englishPhrase>
<romanized>m ho hoi cheung!</romanized>
<unicode>吾好开枪！</unicode>
<phrase>&amp;#21566;&amp;#22909;&amp;#24320;&amp;#26538;&amp;#65281;</phrase>
</dbo_langKit>
<dbo_langKit>
<phraseID>677</phraseID>
<catID>4</catID>
<phraseOrder>1</phraseOrder>
<englishPhrase>Do you have ___?</englishPhrase>
<romanized>lay yau mo ___?</romanized>
<unicode>你有冇___？</unicode>
<phrase>&amp;#20320;&amp;#26377;&amp;#20871;___&amp;#65311;</phrase>
</dbo_langKit>
<dbo_langKit>
<phraseID>678</phraseID>
<catID>4</catID>
<phraseOrder>2</phraseOrder>
<englishPhrase>Do you have weapons?</englishPhrase>
<romanized>lay yau mo mo hay?</romanized>
<unicode>你有冇武器？</unicode>
<phrase>&amp;#20320;&amp;#26377;&amp;#20871;&amp;#27494;&amp;#22120;&amp;#65311;</phrase>
</dbo_langKit>
<dbo_langKit>
<phraseID>679</phraseID>
<catID>4</catID>
<phraseOrder>3</phraseOrder>
<englishPhrase>Do you have weapons of mass destruction?</englishPhrase>
<romanized>lay yau mo daais art seung lik ge mo hay?</romanized>
<unicode>你有冇大杀伤力既武器？</unicode>
<phrase>&amp;#20320;&amp;#26377;&amp;#20871;&amp;#22823;&amp;#26432;&amp;#20260;&amp;#21147;&amp;#26082;&amp;#27494;&amp;#22120;&amp;#65311;</phrase>
</dbo_langKit>
<dbo_langKit>
<phraseID>680</phraseID>
<catID>4</catID>
<phraseOrder>4</phraseOrder>
<englishPhrase>Do you have ammunition?</englishPhrase>
<romanized>lay yau mo dan yerk?</romanized>
<unicode>你有冇弹药？</unicode>
<phrase>&amp;#20320;&amp;#26377;&amp;#20871;&amp;#24377;&amp;#33647;&amp;#65311;</phrase>
</dbo_langKit>
<dbo_langKit>
<phraseID>681</phraseID>
<catID>4</catID>
<phraseOrder>5</phraseOrder>
<englishPhrase>Do you have water?</englishPhrase>
<romanized>lay yau mo sui?</romanized>
<unicode>你有冇水？</unicode>
<phrase>&amp;#20320;&amp;#26377;&amp;#20871;&amp;#27700;&amp;#65311;</phrase>
</dbo_langKit>
<dbo_langKit>
<phraseID>682</phraseID>
<catID>4</catID>
<phraseOrder>6</phraseOrder>
<englishPhrase>Do you have POWs?</englishPhrase>
<romanized>lay yau mo gin foo?</romanized>
<unicode>你有冇战俘？</unicode>
<phrase>&amp;#20320;&amp;#26377;&amp;#20871;&amp;#25112;&amp;#20440;&amp;#65311;</phrase>
</dbo_langKit>
<dbo_langKit>
<phraseID>683</phraseID>
<catID>4</catID>
<phraseOrder>7</phraseOrder>
<englishPhrase>Do you need ___?</englishPhrase>
<romanized>lay sui m sui yiu ___?</romanized>
<unicode>你需吾需要___？</unicode>
<phrase>&amp;#20320;&amp;#38656;&amp;#21566;&amp;#38656;&amp;#35201;___&amp;#65311;</phrase>
</dbo_langKit>
<dbo_langKit>
<phraseID>684</phraseID>
<catID>4</catID>
<phraseOrder>8</phraseOrder>
<englishPhrase>I need ___.</englishPhrase>
<romanized>ngah sui yiu ___ </romanized>
<unicode>我需要___ </unicode>
<phrase>&amp;#25105;&amp;#38656;&amp;#35201;___ </phrase>
</dbo_langKit>
<dbo_langKit>
<phraseID>685</phraseID>
<catID>4</catID>
<phraseOrder>9</phraseOrder>
<englishPhrase>I need the police.</englishPhrase>
<romanized>ngah yiu wan ging chart</romanized>
<unicode>我要揾警察</unicode>
<phrase>&amp;#25105;&amp;#35201;&amp;#25598;&amp;#35686;&amp;#23519;</phrase>
</dbo_langKit>
<dbo_langKit>
<phraseID>686</phraseID>
<catID>4</catID>
<phraseOrder>10</phraseOrder>
<englishPhrase>I need help.</englishPhrase>
<romanized>ngah sui yiu yan bong saow</romanized>
<unicode>我需要人帮手</unicode>
<phrase>&amp;#25105;&amp;#38656;&amp;#35201;&amp;#20154;&amp;#24110;&amp;#25163;</phrase>
</dbo_langKit>
<dbo_langKit>
<phraseID>687</phraseID>
<catID>4</catID>
<phraseOrder>11</phraseOrder>
<englishPhrase>I need medicine.</englishPhrase>
<romanized>ngah sui yiu jerk mut</romanized>
<unicode>我需要药物</unicode>
<phrase>&amp;#25105;&amp;#38656;&amp;#35201;&amp;#33647;&amp;#29289;</phrase>
</dbo_langKit>
<dbo_langKit>
<phraseID>688</phraseID>
<catID>4</catID>
<phraseOrder>12</phraseOrder>
<englishPhrase>I need a doctor.</englishPhrase>
<romanized>ngah sui yiu gor yee sang</romanized>
<unicode>我需要个医生</unicode>
<phrase>&amp;#25105;&amp;#38656;&amp;#35201;&amp;#20010;&amp;#21307;&amp;#29983;</phrase>
</dbo_langKit>
<dbo_langKit>
<phraseID>689</phraseID>
<catID>4</catID>
<phraseOrder>13</phraseOrder>
<englishPhrase>Take me to ___.</englishPhrase>
<romanized>daai ngah hui ___</romanized>
<unicode>带我去___</unicode>
<phrase>&amp;#24102;&amp;#25105;&amp;#21435;___</phrase>
</dbo_langKit>
<dbo_langKit>
<phraseID>690</phraseID>
<catID>4</catID>
<phraseOrder>14</phraseOrder>
<englishPhrase>I want ___.</englishPhrase>
<romanized>ngah seung yiu ___</romanized>
<unicode>我想要___</unicode>
<phrase>&amp;#25105;&amp;#24819;&amp;#35201;___</phrase>
</dbo_langKit>
<dbo_langKit>
<phraseID>691</phraseID>
<catID>4</catID>
<phraseOrder>15</phraseOrder>
<englishPhrase>I want information about ___.</englishPhrase>
<romanized>ngah seung yiu yau gwan ___ ge dzee liu</romanized>
<unicode>我想要有关___ 既资料</unicode>
<phrase>&amp;#25105;&amp;#24819;&amp;#35201;&amp;#26377;&amp;#20851;___ &amp;#26082;&amp;#36164;&amp;#26009;</phrase>
</dbo_langKit>
<dbo_langKit>
<phraseID>692</phraseID>
<catID>4</catID>
<phraseOrder>16</phraseOrder>
<englishPhrase>I want water.</englishPhrase>
<romanized>ngah seung yiu sui</romanized>
<unicode>我想要水</unicode>
<phrase>&amp;#25105;&amp;#24819;&amp;#35201;&amp;#27700;</phrase>
</dbo_langKit>
<dbo_langKit>
<phraseID>693</phraseID>
<catID>4</catID>
<phraseOrder>17</phraseOrder>
<englishPhrase>I want food.</englishPhrase>
<romanized>ngah seung yiu sik mut</romanized>
<unicode>我想要食物</unicode>
<phrase>&amp;#25105;&amp;#24819;&amp;#35201;&amp;#39135;&amp;#29289;</phrase>
</dbo_langKit>
<dbo_langKit>
<phraseID>694</phraseID>
<catID>4</catID>
<phraseOrder>18</phraseOrder>
<englishPhrase>I want directions.</englishPhrase>
<romanized>ngah seung yiu dzee see</romanized>
<unicode>我想要指示</unicode>
<phrase>&amp;#25105;&amp;#24819;&amp;#35201;&amp;#25351;&amp;#31034;</phrase>
</dbo_langKit>
<dbo_langKit>
<phraseID>695</phraseID>
<catID>5</catID>
<phraseOrder>1</phraseOrder>
<englishPhrase>Do you speak English?</englishPhrase>
<romanized>lay sik gong ying mun mah?</romanized>
<unicode>你识讲英文吗？</unicode>
<phrase>&amp;#20320;&amp;#35782;&amp;#35762;&amp;#33521;&amp;#25991;&amp;#21527;&amp;#65311;</phrase>
</dbo_langKit>
<dbo_langKit>
<phraseID>696</phraseID>
<catID>5</catID>
<phraseOrder>2</phraseOrder>
<englishPhrase>Do you have ___?</englishPhrase>
<romanized>lay yau mo ___?</romanized>
<unicode>你有冇___？</unicode>
<phrase>&amp;#20320;&amp;#26377;&amp;#20871;___&amp;#65311;</phrase>
</dbo_langKit>
<dbo_langKit>
<phraseID>697</phraseID>
<catID>5</catID>
<phraseOrder>3</phraseOrder>
<englishPhrase>Where are the weapons?</englishPhrase>
<romanized>dee mo hay haai bin do?</romanized>
<unicode>啲武器系边度？</unicode>
<phrase>&amp;#21874;&amp;#27494;&amp;#22120;&amp;#31995;&amp;#36793;&amp;#24230;&amp;#65311;</phrase>
</dbo_langKit>
<dbo_langKit>
<phraseID>698</phraseID>
<catID>5</catID>
<phraseOrder>4</phraseOrder>
<englishPhrase>Do you have weapons of mass destruction?</englishPhrase>
<romanized>lay yau daais art seung lik ge mo hay mah?</romanized>
<unicode>你有大杀伤力既武器吗？</unicode>
<phrase>&amp;#20320;&amp;#26377;&amp;#22823;&amp;#26432;&amp;#20260;&amp;#21147;&amp;#26082;&amp;#27494;&amp;#22120;&amp;#21527;&amp;#65311;</phrase>
</dbo_langKit>
<dbo_langKit>
<phraseID>699</phraseID>
<catID>5</catID>
<phraseOrder>5</phraseOrder>
<englishPhrase>Do you have ammunition?</englishPhrase>
<romanized>lay yau mo dan yerk ah?</romanized>
<unicode>你有冇弹药呀？</unicode>
<phrase>&amp;#20320;&amp;#26377;&amp;#20871;&amp;#24377;&amp;#33647;&amp;#21568;&amp;#65311;</phrase>
</dbo_langKit>
<dbo_langKit>
<phraseID>784</phraseID>
<catID>9</catID>
<phraseOrder>1</phraseOrder>
<englishPhrase>gw</englishPhrase>
<romanized>&lt;span class=&quot;css_hl&quot;&gt;gw&lt;/span&gt;or or &lt;span class=&quot;css_hl&quot;&gt;gw&lt;/span&gt;an</romanized>
</dbo_langKit>
<dbo_langKit>
<phraseID>785</phraseID>
<catID>9</catID>
<phraseOrder>2</phraseOrder>
<englishPhrase>ng</englishPhrase>
<romanized>&lt;span class=&quot;css_hl&quot;&gt;ng&lt;/span&gt;ah or he&lt;span class=&quot;css_hl&quot;&gt;ng&lt;/span&gt;</romanized>
</dbo_langKit>
<dbo_langKit>
<phraseID>786</phraseID>
<catID>9</catID>
<phraseOrder>3</phraseOrder>
<englishPhrase>aai</englishPhrase>
<romanized>h&lt;span class=&quot;css_hl&quot;&gt;aai&lt;/span&gt; or d&lt;span class=&quot;css_hl&quot;&gt;aai&lt;/span&gt;</romanized>
</dbo_langKit>
<dbo_langKit>
<phraseID>787</phraseID>
<catID>9</catID>
<phraseOrder>4</phraseOrder>
<englishPhrase>iu</englishPhrase>
<romanized>y&lt;span class=&quot;css_hl&quot;&gt;iu&lt;/span&gt; or g&lt;span class=&quot;css_hl&quot;&gt;iu&lt;/span&gt;</romanized>
</dbo_langKit>
<dbo_langKit>
<phraseID>788</phraseID>
<catID>9</catID>
<phraseOrder>5</phraseOrder>
<englishPhrase>ue</englishPhrase>
<romanized>s&lt;span class=&quot;css_hl&quot;&gt;ue&lt;/span&gt;n</romanized>
</dbo_langKit>
<dbo_langKit>
<phraseID>700</phraseID>
<catID>5</catID>
<phraseOrder>6</phraseOrder>
<englishPhrase>How many others?</englishPhrase>
<romanized>chung yau kay tar gey dor yan ah?</romanized>
<unicode>重有其它幾多人呀？</unicode>
<phrase>&amp;#37325;&amp;#26377;&amp;#20854;&amp;#23427;&amp;#24190;&amp;#22810;&amp;#20154;&amp;#21568;&amp;#65311;</phrase>
</dbo_langKit>
<dbo_langKit>
<phraseID>701</phraseID>
<catID>5</catID>
<phraseOrder>7</phraseOrder>
<englishPhrase>Do you have water?</englishPhrase>
<romanized>lay yau mo sui ah?</romanized>
<unicode>你有冇水呀？</unicode>
<phrase>&amp;#20320;&amp;#26377;&amp;#20871;&amp;#27700;&amp;#21568;&amp;#65311;</phrase>
</dbo_langKit>
<dbo_langKit>
<phraseID>702</phraseID>
<catID>5</catID>
<phraseOrder>8</phraseOrder>
<englishPhrase>Where is the hide out?</englishPhrase>
<romanized>bay mut day deem haai bin do ah?</romanized>
<unicode>秘密地点系边度呀？</unicode>
<phrase>&amp;#31192;&amp;#23494;&amp;#22320;&amp;#28857;&amp;#31995;&amp;#36793;&amp;#24230;&amp;#21568;&amp;#65311;</phrase>
</dbo_langKit>
<dbo_langKit>
<phraseID>703</phraseID>
<catID>5</catID>
<phraseOrder>9</phraseOrder>
<englishPhrase>What is your job?</englishPhrase>
<romanized>lay foo jark mu yeah gung jok ah?</romanized>
<unicode>你負責乜野工作呀？</unicode>
<phrase>&amp;#20320;&amp;#36000;&amp;#36012;&amp;#20060;&amp;#37326;&amp;#24037;&amp;#20316;&amp;#21568;&amp;#65311;</phrase>
</dbo_langKit>
<dbo_langKit>
<phraseID>704</phraseID>
<catID>5</catID>
<phraseOrder>10</phraseOrder>
<englishPhrase>Where are the POWs?</englishPhrase>
<romanized>dee gin foo haai bin do?</romanized>
<unicode>啲战俘系边度？</unicode>
<phrase>&amp;#21874;&amp;#25112;&amp;#20440;&amp;#31995;&amp;#36793;&amp;#24230;&amp;#65311;</phrase>
</dbo_langKit>
<dbo_langKit>
<phraseID>705</phraseID>
<catID>5</catID>
<phraseOrder>11</phraseOrder>
<englishPhrase>To which cell do you belong?</englishPhrase>
<romanized>lay haai suk yu bin gor chong gar?</romanized>
<unicode>你系属于边个仓嫁？</unicode>
<phrase>&amp;#20320;&amp;#31995;&amp;#23646;&amp;#20110;&amp;#36793;&amp;#20010;&amp;#20179;&amp;#23233;&amp;#65311;</phrase>
</dbo_langKit>
<dbo_langKit>
<phraseID>706</phraseID>
<catID>5</catID>
<phraseOrder>12</phraseOrder>
<englishPhrase>Do you have an ID card?</englishPhrase>
<romanized>lay yau mo sun fun jing ah?</romanized>
<unicode>你有冇身分证呀？</unicode>
<phrase>&amp;#20320;&amp;#26377;&amp;#20871;&amp;#36523;&amp;#20998;&amp;#35777;&amp;#21568;&amp;#65311;</phrase>
</dbo_langKit>
<dbo_langKit>
<phraseID>707</phraseID>
<catID>5</catID>
<phraseOrder>13</phraseOrder>
<englishPhrase>Who are you?</englishPhrase>
<romanized>lay haai bin gor ah?</romanized>
<unicode>你系边个呀？</unicode>
<phrase>&amp;#20320;&amp;#31995;&amp;#36793;&amp;#20010;&amp;#21568;&amp;#65311;</phrase>
</dbo_langKit>
<dbo_langKit>
<phraseID>708</phraseID>
<catID>5</catID>
<phraseOrder>14</phraseOrder>
<englishPhrase>Who is the leader?</englishPhrase>
<romanized>bin gor haai ah tau ah?</romanized>
<unicode>边个系阿头呀？</unicode>
<phrase>&amp;#36793;&amp;#20010;&amp;#31995;&amp;#38463;&amp;#22836;&amp;#21568;&amp;#65311;</phrase>
</dbo_langKit>
<dbo_langKit>
<phraseID>709</phraseID>
<catID>5</catID>
<phraseOrder>15</phraseOrder>
<englishPhrase>Who is the captain?</englishPhrase>
<romanized>bin gor haai suen chang ah?</romanized>
<unicode>边个系船长呀？</unicode>
<phrase>&amp;#36793;&amp;#20010;&amp;#31995;&amp;#33337;&amp;#38271;&amp;#21568;&amp;#65311;</phrase>
</dbo_langKit>
<dbo_langKit>
<phraseID>710</phraseID>
<catID>5</catID>
<phraseOrder>16</phraseOrder>
<englishPhrase>Who is in charge?</englishPhrase>
<romanized>bin gor wah see gar?</romanized>
<unicode>边个话事嫁？</unicode>
<phrase>&amp;#36793;&amp;#20010;&amp;#35805;&amp;#20107;&amp;#23233;&amp;#65311;</phrase>
</dbo_langKit>
<dbo_langKit>
<phraseID>711</phraseID>
<catID>6</catID>
<phraseOrder>1</phraseOrder>
<englishPhrase>Follow our orders!</englishPhrase>
<romanized>teng ngah day ge ming ling!</romanized>
<unicode>听我哋既命令！</unicode>
<phrase>&amp;#21548;&amp;#25105;&amp;#21707;&amp;#26082;&amp;#21629;&amp;#20196;&amp;#65281;</phrase>
</dbo_langKit>
<dbo_langKit>
<phraseID>712</phraseID>
<catID>6</catID>
<phraseOrder>2</phraseOrder>
<englishPhrase>Do not resist!</englishPhrase>
<romanized>m ho fan kong!</romanized>
<unicode>吾好反抗！</unicode>
<phrase>&amp;#21566;&amp;#22909;&amp;#21453;&amp;#25239;&amp;#65281;</phrase>
</dbo_langKit>
<dbo_langKit>
<phraseID>717</phraseID>
<catID>6</catID>
<phraseOrder>7</phraseOrder>
<englishPhrase>Kneel!</englishPhrase>
<romanized>gwaai daaik!</romanized>
<unicode>跪低！</unicode>
<phrase>&amp;#36330;&amp;#20302;&amp;#65281;</phrase>
</dbo_langKit>
<dbo_langKit>
<phraseID>718</phraseID>
<catID>6</catID>
<phraseOrder>8</phraseOrder>
<englishPhrase>Drink!</englishPhrase>
<romanized>yum!</romanized>
<unicode>饮！</unicode>
<phrase>&amp;#39278;&amp;#65281;</phrase>
</dbo_langKit>
<dbo_langKit>
<phraseID>719</phraseID>
<catID>6</catID>
<phraseOrder>9</phraseOrder>
<englishPhrase>Stop!</englishPhrase>
<romanized>teng!</romanized>
<unicode>停！</unicode>
<phrase>&amp;#20572;&amp;#65281;</phrase>
</dbo_langKit>
<dbo_langKit>
<phraseID>720</phraseID>
<catID>6</catID>
<phraseOrder>10</phraseOrder>
<englishPhrase>Turn!</englishPhrase>
<romanized>jun sun!</romanized>
<unicode>转身！</unicode>
<phrase>&amp;#36716;&amp;#36523;&amp;#65281;</phrase>
</dbo_langKit>
<dbo_langKit>
<phraseID>721</phraseID>
<catID>6</catID>
<phraseOrder>11</phraseOrder>
<englishPhrase>Spread out!</englishPhrase>
<romanized>gor gor san hoi dee!</romanized>
<unicode>个个散开啲！</unicode>
<phrase>&amp;#20010;&amp;#20010;&amp;#25955;&amp;#24320;&amp;#21874;&amp;#65281;</phrase>
</dbo_langKit>
<dbo_langKit>
<phraseID>722</phraseID>
<catID>6</catID>
<phraseOrder>12</phraseOrder>
<englishPhrase>Hands behind your head!</englishPhrase>
<romanized>cheung saow fong haai tau hau been!</romanized>
<unicode>将手放系头后面！</unicode>
<phrase>&amp;#23558;&amp;#25163;&amp;#25918;&amp;#31995;&amp;#22836;&amp;#21518;&amp;#38754;&amp;#65281;</phrase>
</dbo_langKit>
<dbo_langKit>
<phraseID>723</phraseID>
<catID>6</catID>
<phraseOrder>13</phraseOrder>
<englishPhrase>Keep away!</englishPhrase>
<romanized>m ho heng maai ley!</romanized>
<unicode>唔好行埋黎！</unicode>
<phrase>&amp;#21780;&amp;#22909;&amp;#34892;&amp;#22475;&amp;#40654;&amp;#65281;</phrase>
</dbo_langKit>
<dbo_langKit>
<phraseID>724</phraseID>
<catID>6</catID>
<phraseOrder>14</phraseOrder>
<englishPhrase>Don&apos;t move!</englishPhrase>
<romanized>m ho yuk!</romanized>
<unicode>吾好旭！</unicode>
<phrase>&amp;#21566;&amp;#22909;&amp;#26093;&amp;#65281;</phrase>
</dbo_langKit>
<dbo_langKit>
<phraseID>725</phraseID>
<catID>6</catID>
<phraseOrder>15</phraseOrder>
<englishPhrase>Come here!</englishPhrase>
<romanized>lay lee do!</romanized>
<unicode>黎呢度！</unicode>
<phrase>&amp;#40654;&amp;#21602;&amp;#24230;&amp;#65281;</phrase>
</dbo_langKit>
<dbo_langKit>
<phraseID>726</phraseID>
<catID>6</catID>
<phraseOrder>16</phraseOrder>
<englishPhrase>Get up!</englishPhrase>
<romanized>hay sun!</romanized>
<unicode>起身！</unicode>
<phrase>&amp;#36215;&amp;#36523;&amp;#65281;</phrase>
</dbo_langKit>
<dbo_langKit>
<phraseID>727</phraseID>
<catID>6</catID>
<phraseOrder>17</phraseOrder>
<englishPhrase>Get down!</englishPhrase>
<romanized>pah daaik!</romanized>
<unicode>趴低！</unicode>
<phrase>&amp;#36276;&amp;#20302;&amp;#65281;</phrase>
</dbo_langKit>
<dbo_langKit>
<phraseID>728</phraseID>
<catID>6</catID>
<phraseOrder>18</phraseOrder>
<englishPhrase>Hands up!</englishPhrase>
<romanized>kui saow!</romanized>
<unicode>举手！</unicode>
<phrase>&amp;#20030;&amp;#25163;&amp;#65281;</phrase>
</dbo_langKit>
<dbo_langKit>
<phraseID>729</phraseID>
<catID>6</catID>
<phraseOrder>19</phraseOrder>
<englishPhrase>Wait!</englishPhrase>
<romanized>dung dung!</romanized>
<unicode>等等！</unicode>
<phrase>&amp;#31561;&amp;#31561;&amp;#65281;</phrase>
</dbo_langKit>
<dbo_langKit>
<phraseID>730</phraseID>
<catID>6</catID>
<phraseOrder>20</phraseOrder>
<englishPhrase>Go!</englishPhrase>
<romanized>jaow!</romanized>
<unicode>走！</unicode>
<phrase>&amp;#36208;&amp;#65281;</phrase>
</dbo_langKit>
<dbo_langKit>
<phraseID>731</phraseID>
<catID>6</catID>
<phraseOrder>21</phraseOrder>
<englishPhrase>Cross your legs!</englishPhrase>
<romanized>kiu maai lay dui girk!</romanized>
<unicode>“橋” 埋你对脚！</unicode>
<phrase>“&amp;#27211;” &amp;#22475;&amp;#20320;&amp;#23545;&amp;#33050;&amp;#65281;</phrase>
</dbo_langKit>
<dbo_langKit>
<phraseID>732</phraseID>
<catID>6</catID>
<phraseOrder>22</phraseOrder>
<englishPhrase>Calm down!</englishPhrase>
<romanized>jun jing dee!</romanized>
<unicode>镇静啲！</unicode>
<phrase>&amp;#38215;&amp;#38745;&amp;#21874;&amp;#65281;</phrase>
</dbo_langKit>
<dbo_langKit>
<phraseID>733</phraseID>
<catID>6</catID>
<phraseOrder>23</phraseOrder>
<englishPhrase>Don&apos;t look at me!</englishPhrase>
<romanized>m ho mong jui ngah!</romanized>
<unicode>吾好望住我！</unicode>
<phrase>&amp;#21566;&amp;#22909;&amp;#26395;&amp;#20303;&amp;#25105;&amp;#65281;</phrase>
</dbo_langKit>
<dbo_langKit>
<phraseID>734</phraseID>
<catID>7</catID>
<phraseOrder>1</phraseOrder>
<englishPhrase>How many others?</englishPhrase>
<romanized>ling oi chung yau gey dor gor yan?</romanized>
<unicode>另外重有几多個人？</unicode>
<phrase>&amp;#21478;&amp;#22806;&amp;#37325;&amp;#26377;&amp;#20960;&amp;#22810;&amp;#20491;&amp;#20154;&amp;#65311;</phrase>
</dbo_langKit>
<dbo_langKit>
<phraseID>735</phraseID>
<catID>7</catID>
<phraseOrder>2</phraseOrder>
<englishPhrase>One</englishPhrase>
<romanized>yat</romanized>
<unicode>一</unicode>
<phrase>&amp;#19968;</phrase>
</dbo_langKit>
<dbo_langKit>
<phraseID>736</phraseID>
<catID>7</catID>
<phraseOrder>3</phraseOrder>
<englishPhrase>Two</englishPhrase>
<romanized>yee</romanized>
<unicode>二</unicode>
<phrase>&amp;#20108;</phrase>
</dbo_langKit>
<dbo_langKit>
<phraseID>737</phraseID>
<catID>7</catID>
<phraseOrder>4</phraseOrder>
<englishPhrase>Three</englishPhrase>
<romanized>sam</romanized>
<unicode>三</unicode>
<phrase>&amp;#19977;</phrase>
</dbo_langKit>
<dbo_langKit>
<phraseID>738</phraseID>
<catID>7</catID>
<phraseOrder>5</phraseOrder>
<englishPhrase>Four</englishPhrase>
<romanized>say</romanized>
<unicode>四</unicode>
<phrase>&amp;#22235;</phrase>
</dbo_langKit>
<dbo_langKit>
<phraseID>739</phraseID>
<catID>7</catID>
<phraseOrder>6</phraseOrder>
<englishPhrase>Five</englishPhrase>
<romanized>m</romanized>
<unicode>五</unicode>
<phrase>&amp;#20116;</phrase>
</dbo_langKit>
<dbo_langKit>
<phraseID>740</phraseID>
<catID>7</catID>
<phraseOrder>7</phraseOrder>
<englishPhrase>Six</englishPhrase>
<romanized>luk</romanized>
<unicode>六</unicode>
<phrase>&amp;#20845;</phrase>
</dbo_langKit>
<dbo_langKit>
<phraseID>741</phraseID>
<catID>7</catID>
<phraseOrder>8</phraseOrder>
<englishPhrase>Seven</englishPhrase>
<romanized>chut</romanized>
<unicode>七</unicode>
<phrase>&amp;#19971;</phrase>
</dbo_langKit>
<dbo_langKit>
<phraseID>742</phraseID>
<catID>7</catID>
<phraseOrder>9</phraseOrder>
<englishPhrase>Eight</englishPhrase>
<romanized>bart</romanized>
<unicode>八</unicode>
<phrase>&amp;#20843;</phrase>
</dbo_langKit>
<dbo_langKit>
<phraseID>743</phraseID>
<catID>7</catID>
<phraseOrder>10</phraseOrder>
<englishPhrase>Nine</englishPhrase>
<romanized>gau</romanized>
<unicode>九</unicode>
<phrase>&amp;#20061;</phrase>
</dbo_langKit>
<dbo_langKit>
<phraseID>744</phraseID>
<catID>7</catID>
<phraseOrder>11</phraseOrder>
<englishPhrase>Ten</englishPhrase>
<romanized>sup</romanized>
<unicode>十</unicode>
<phrase>&amp;#21313;</phrase>
</dbo_langKit>
<dbo_langKit>
<phraseID>745</phraseID>
<catID>7</catID>
<phraseOrder>12</phraseOrder>
<englishPhrase>Eleven</englishPhrase>
<romanized>sup yat</romanized>
<unicode>十一</unicode>
<phrase>&amp;#21313;&amp;#19968;</phrase>
</dbo_langKit>
<dbo_langKit>
<phraseID>746</phraseID>
<catID>7</catID>
<phraseOrder>13</phraseOrder>
<englishPhrase>Twelve</englishPhrase>
<romanized>sup yee</romanized>
<unicode>十二</unicode>
<phrase>&amp;#21313;&amp;#20108;</phrase>
</dbo_langKit>
<dbo_langKit>
<phraseID>747</phraseID>
<catID>7</catID>
<phraseOrder>14</phraseOrder>
<englishPhrase>Thirteen</englishPhrase>
<romanized>sup sam</romanized>
<unicode>十三</unicode>
<phrase>&amp;#21313;&amp;#19977;</phrase>
</dbo_langKit>
<dbo_langKit>
<phraseID>748</phraseID>
<catID>7</catID>
<phraseOrder>15</phraseOrder>
<englishPhrase>Fourteen</englishPhrase>
<romanized>sup say</romanized>
<unicode>十四</unicode>
<phrase>&amp;#21313;&amp;#22235;</phrase>
</dbo_langKit>
<dbo_langKit>
<phraseID>749</phraseID>
<catID>7</catID>
<phraseOrder>16</phraseOrder>
<englishPhrase>Twenty</englishPhrase>
<romanized>yee sup</romanized>
<unicode>二十</unicode>
<phrase>&amp;#20108;&amp;#21313;</phrase>
</dbo_langKit>
<dbo_langKit>
<phraseID>750</phraseID>
<catID>7</catID>
<phraseOrder>17</phraseOrder>
<englishPhrase>Thirty</englishPhrase>
<romanized>sam sup</romanized>
<unicode>三十</unicode>
<phrase>&amp;#19977;&amp;#21313;</phrase>
</dbo_langKit>
<dbo_langKit>
<phraseID>751</phraseID>
<catID>7</catID>
<phraseOrder>18</phraseOrder>
<englishPhrase>Forty</englishPhrase>
<romanized>say sup</romanized>
<unicode>四十</unicode>
<phrase>&amp;#22235;&amp;#21313;</phrase>
</dbo_langKit>
<dbo_langKit>
<phraseID>752</phraseID>
<catID>7</catID>
<phraseOrder>19</phraseOrder>
<englishPhrase>Twenty one</englishPhrase>
<romanized>yee sup yat</romanized>
<unicode>二十一</unicode>
<phrase>&amp;#20108;&amp;#21313;&amp;#19968;</phrase>
</dbo_langKit>
<dbo_langKit>
<phraseID>753</phraseID>
<catID>7</catID>
<phraseOrder>20</phraseOrder>
<englishPhrase>Twenty two</englishPhrase>
<romanized>yee sup yee</romanized>
<unicode>二十二</unicode>
<phrase>&amp;#20108;&amp;#21313;&amp;#20108;</phrase>
</dbo_langKit>
<dbo_langKit>
<phraseID>754</phraseID>
<catID>7</catID>
<phraseOrder>21</phraseOrder>
<englishPhrase>One hundred</englishPhrase>
<romanized>yat bark</romanized>
<unicode>一百</unicode>
<phrase>&amp;#19968;&amp;#30334;</phrase>
</dbo_langKit>
<dbo_langKit>
<phraseID>755</phraseID>
<catID>7</catID>
<phraseOrder>22</phraseOrder>
<englishPhrase>One hundred and forty one</englishPhrase>
<romanized>yat bark say sup yat</romanized>
<unicode>一百四十一</unicode>
<phrase>&amp;#19968;&amp;#30334;&amp;#22235;&amp;#21313;&amp;#19968;</phrase>
</dbo_langKit>
<dbo_langKit>
<phraseID>756</phraseID>
<catID>7</catID>
<phraseOrder>23</phraseOrder>
<englishPhrase>Two hundred</englishPhrase>
<romanized>yee bark</romanized>
<unicode>二百</unicode>
<phrase>&amp;#20108;&amp;#30334;</phrase>
</dbo_langKit>
<dbo_langKit>
<phraseID>757</phraseID>
<catID>7</catID>
<phraseOrder>24</phraseOrder>
<englishPhrase>Two hundred and fifty</englishPhrase>
<romanized>yee bark ngah sup</romanized>
<unicode>二百五十</unicode>
<phrase>&amp;#20108;&amp;#30334;&amp;#20116;&amp;#21313;</phrase>
</dbo_langKit>
<dbo_langKit>
<phraseID>758</phraseID>
<catID>7</catID>
<phraseOrder>25</phraseOrder>
<englishPhrase>One thousand</englishPhrase>
<romanized>yat chin</romanized>
<unicode>一千</unicode>
<phrase>&amp;#19968;&amp;#21315;</phrase>
</dbo_langKit>
<dbo_langKit>
<phraseID>759</phraseID>
<catID>7</catID>
<phraseOrder>26</phraseOrder>
<englishPhrase>One thousand four hundred</englishPhrase>
<romanized>chin say</romanized>
<unicode>千四</unicode>
<phrase>&amp;#21315;&amp;#22235;</phrase>
</dbo_langKit>
<dbo_langKit>
<phraseID>760</phraseID>
<catID>7</catID>
<phraseOrder>27</phraseOrder>
<englishPhrase>Two thousand</englishPhrase>
<romanized>yee chin</romanized>
<unicode>二千</unicode>
<phrase>&amp;#20108;&amp;#21315;</phrase>
</dbo_langKit>
<dbo_langKit>
<phraseID>761</phraseID>
<catID>7</catID>
<phraseOrder>28</phraseOrder>
<englishPhrase>Two thousand and three</englishPhrase>
<romanized>yee chin ling sam</romanized>
<unicode>二千零三</unicode>
<phrase>&amp;#20108;&amp;#21315;&amp;#38646;&amp;#19977;</phrase>
</dbo_langKit>
<dbo_langKit>
<phraseID>762</phraseID>
<catID>7</catID>
<phraseOrder>29</phraseOrder>
<englishPhrase>A thousand rifles</englishPhrase>
<romanized>yat chin dzee bo cheung</romanized>
<unicode>一千支步枪</unicode>
<phrase>&amp;#19968;&amp;#21315;&amp;#25903;&amp;#27493;&amp;#26538;</phrase>
</dbo_langKit>
<dbo_langKit>
<phraseID>763</phraseID>
<catID>7</catID>
<phraseOrder>30</phraseOrder>
<englishPhrase>A hundred pistols</englishPhrase>
<romanized>yat bark dzee sauw cheung</romanized>
<unicode>一百支手枪</unicode>
<phrase>&amp;#19968;&amp;#30334;&amp;#25903;&amp;#25163;&amp;#26538;</phrase>
</dbo_langKit>
<dbo_langKit>
<phraseID>764</phraseID>
<catID>7</catID>
<phraseOrder>31</phraseOrder>
<englishPhrase>Twenty tanks</englishPhrase>
<romanized>yee sup gar tahn hark</romanized>
<unicode>二十架坦克</unicode>
<phrase>&amp;#20108;&amp;#21313;&amp;#26550;&amp;#22374;&amp;#20811;</phrase>
</dbo_langKit>
<dbo_langKit>
<phraseID>765</phraseID>
<catID>7</catID>
<phraseOrder>32</phraseOrder>
<englishPhrase>Forty cars</englishPhrase>
<romanized>say sup gar chey</romanized>
<unicode>四十架车</unicode>
<phrase>&amp;#22235;&amp;#21313;&amp;#26550;&amp;#36710;</phrase>
</dbo_langKit>
<dbo_langKit>
<phraseID>766</phraseID>
<catID>7</catID>
<phraseOrder>33</phraseOrder>
<englishPhrase>One thousand warriors</englishPhrase>
<romanized>yat chin gor gin dau yuan</romanized>
<unicode>一千个战斗员</unicode>
<phrase>&amp;#19968;&amp;#21315;&amp;#20010;&amp;#25112;&amp;#26007;&amp;#21592;</phrase>
</dbo_langKit>
<dbo_langKit>
<phraseID>767</phraseID>
<catID>7</catID>
<phraseOrder>34</phraseOrder>
<englishPhrase>One hundred platoons</englishPhrase>
<romanized>yat bark gor paai</romanized>
<unicode>一百个排</unicode>
<phrase>&amp;#19968;&amp;#30334;&amp;#20010;&amp;#25490;</phrase>
</dbo_langKit>
<dbo_langKit>
<phraseID>768</phraseID>
<catID>7</catID>
<phraseOrder>35</phraseOrder>
<englishPhrase>One hundred soldiers</englishPhrase>
<romanized>yat bak gor bing</romanized>
<unicode>一百个兵</unicode>
<phrase>&amp;#19968;&amp;#30334;&amp;#20010;&amp;#20853;</phrase>
</dbo_langKit>
<dbo_langKit>
<phraseID>769</phraseID>
<catID>7</catID>
<phraseOrder>36</phraseOrder>
<englishPhrase>Twenty policemen</englishPhrase>
<romanized>yee sup gor ging chart</romanized>
<unicode>二十个警察</unicode>
<phrase>&amp;#20108;&amp;#21313;&amp;#20010;&amp;#35686;&amp;#23519;</phrase>
</dbo_langKit>
<dbo_langKit>
<phraseID>770</phraseID>
<catID>7</catID>
<phraseOrder>37</phraseOrder>
<englishPhrase>Forty ships</englishPhrase>
<romanized>say sup jak suen</romanized>
<unicode>四十只船</unicode>
<phrase>&amp;#22235;&amp;#21313;&amp;#21482;&amp;#33337;</phrase>
</dbo_langKit>
<dbo_langKit>
<phraseID>771</phraseID>
<catID>7</catID>
<phraseOrder>38</phraseOrder>
<englishPhrase>Less than</englishPhrase>
<romanized>siu gwor</romanized>
<unicode>少过</unicode>
<phrase>&amp;#23569;&amp;#36807;</phrase>
</dbo_langKit>
<dbo_langKit>
<phraseID>772</phraseID>
<catID>8</catID>
<phraseOrder>1</phraseOrder>
<englishPhrase>Traditional greeting.</englishPhrase>
<romanized>lay ho</romanized>
<unicode>你好</unicode>
<phrase>&amp;#20320;&amp;#22909;</phrase>
</dbo_langKit>
<dbo_langKit>
<phraseID>773</phraseID>
<catID>8</catID>
<phraseOrder>2</phraseOrder>
<englishPhrase>Reply to traditional greeting.</englishPhrase>
<romanized>lay ho</romanized>
<unicode>你好</unicode>
<phrase>&amp;#20320;&amp;#22909;</phrase>
</dbo_langKit>
<dbo_langKit>
<phraseID>774</phraseID>
<catID>8</catID>
<phraseOrder>3</phraseOrder>
<englishPhrase>Welcome.</englishPhrase>
<romanized>foon ying</romanized>
<unicode>欢迎</unicode>
<phrase>&amp;#27426;&amp;#36814;</phrase>
</dbo_langKit>
<dbo_langKit>
<phraseID>775</phraseID>
<catID>8</catID>
<phraseOrder>4</phraseOrder>
<englishPhrase>Hello.</englishPhrase>
<romanized>har lo</romanized>
<unicode>哈佬</unicode>
<phrase>&amp;#21704;&amp;#20332;</phrase>
</dbo_langKit>
<dbo_langKit>
<phraseID>776</phraseID>
<catID>8</catID>
<phraseOrder>5</phraseOrder>
<englishPhrase>How are you doing?</englishPhrase>
<romanized>lay ho ma?</romanized>
<unicode>你好吗？</unicode>
<phrase>&amp;#20320;&amp;#22909;&amp;#21527;&amp;#65311;</phrase>
</dbo_langKit>
<dbo_langKit>
<phraseID>777</phraseID>
<catID>8</catID>
<phraseOrder>6</phraseOrder>
<englishPhrase>How are you?</englishPhrase>
<romanized>lay ho ma?</romanized>
<unicode>你好吗？</unicode>
<phrase>&amp;#20320;&amp;#22909;&amp;#21527;&amp;#65311;</phrase>
</dbo_langKit>
<dbo_langKit>
<phraseID>778</phraseID>
<catID>8</catID>
<phraseOrder>7</phraseOrder>
<englishPhrase>What&apos;s up?</englishPhrase>
<romanized>deem ah?</romanized>
<unicode>点呀？</unicode>
<phrase>&amp;#28857;&amp;#21568;&amp;#65311;</phrase>
</dbo_langKit>
<dbo_langKit>
<phraseID>779</phraseID>
<catID>8</catID>
<phraseOrder>8</phraseOrder>
<englishPhrase>Traditional reply to &quot;How are you&quot;?</englishPhrase>
<romanized>gey ho, yau sum</romanized>
<unicode>几好，有心</unicode>
<phrase>&amp;#20960;&amp;#22909;&amp;#65292;&amp;#26377;&amp;#24515;</phrase>
</dbo_langKit>
<dbo_langKit>
<phraseID>780</phraseID>
<catID>8</catID>
<phraseOrder>9</phraseOrder>
<englishPhrase>I am fine.</englishPhrase>
<romanized>gey ho</romanized>
<unicode>几好</unicode>
<phrase>&amp;#20960;&amp;#22909;</phrase>
</dbo_langKit>
<dbo_langKit>
<phraseID>781</phraseID>
<catID>8</catID>
<phraseOrder>10</phraseOrder>
<englishPhrase>Thank you.</englishPhrase>
<romanized>dor tse lay  / m gau saai</romanized>
<unicode>多谢你 / 吾该晒</unicode>
<phrase>&amp;#22810;&amp;#35874;&amp;#20320; / &amp;#21566;&amp;#35813;&amp;#26194;</phrase>
</dbo_langKit>
<dbo_langKit>
<phraseID>782</phraseID>
<catID>8</catID>
<phraseOrder>11</phraseOrder>
<englishPhrase>Please.</englishPhrase>
<romanized>chang</romanized>
<unicode>请</unicode>
<phrase>&amp;#35831;</phrase>
</dbo_langKit>
<dbo_langKit>
<phraseID>783</phraseID>
<catID>7</catID>
<phraseOrder>39</phraseOrder>
<englishPhrase>More than</englishPhrase>
<romanized>dor gwor</romanized>
<unicode>多过</unicode>
<phrase>&amp;#22810;&amp;#36807;</phrase>
</dbo_langKit>
<dbo_langKit>
<phraseID>713</phraseID>
<catID>6</catID>
<phraseOrder>3</phraseOrder>
<englishPhrase>Look forward!</englishPhrase>
<romanized>heung chin mong!</romanized>
<unicode>向前望！</unicode>
<phrase>&amp;#21521;&amp;#21069;&amp;#26395;&amp;#65281;</phrase>
</dbo_langKit>
<dbo_langKit>
<phraseID>714</phraseID>
<catID>6</catID>
<phraseOrder>4</phraseOrder>
<englishPhrase>Close your eyes!</englishPhrase>
<romanized>hup maai lay dui an!</romanized>
<unicode>合埋你对眼！</unicode>
<phrase>&amp;#21512;&amp;#22475;&amp;#20320;&amp;#23545;&amp;#30524;&amp;#65281;</phrase>
</dbo_langKit>
<dbo_langKit>
<phraseID>715</phraseID>
<catID>6</catID>
<phraseOrder>5</phraseOrder>
<englishPhrase>Talk!</englishPhrase>
<romanized>gong!</romanized>
<unicode>讲！</unicode>
<phrase>&amp;#35762;&amp;#65281;</phrase>
</dbo_langKit>
<dbo_langKit>
<phraseID>716</phraseID>
<catID>6</catID>
<phraseOrder>6</phraseOrder>
<englishPhrase>Silence!</englishPhrase>
<romanized>m ho chut sang!</romanized>
<unicode>吾好出声！</unicode>
<phrase>&amp;#21566;&amp;#22909;&amp;#20986;&amp;#22768;&amp;#65281;</phrase>
</dbo_langKit>
</dataroot>
