<?xml version="1.0" encoding="UTF-8"?>
<dataroot xmlns:od="urn:schemas-microsoft-com:officedata" generated="2007-03-12T12:44:00">
<dbo_langKit>
<phraseID>474</phraseID>
<catID>1</catID>
<phraseOrder>1</phraseOrder>
<englishPhrase>We have a malfunction.</englishPhrase>
<romanized>ngah day fah san goo chang</romanized>
<unicode>我哋发生故障</unicode>
<phrase>&amp;#25105;&amp;#21707;&amp;#21457;&amp;#29983;&amp;#25925;&amp;#38556;</phrase>
</dbo_langKit>
<dbo_langKit>
<phraseID>475</phraseID>
<catID>1</catID>
<phraseOrder>2</phraseOrder>
<englishPhrase>We have a problem.</englishPhrase>
<romanized>ngah day yaw mah fahn</romanized>
<unicode>我哋有麻烦</unicode>
<phrase>&amp;#25105;&amp;#21707;&amp;#26377;&amp;#40635;&amp;#28902;</phrase>
</dbo_langKit>
<dbo_langKit>
<phraseID>476</phraseID>
<catID>1</catID>
<phraseOrder>3</phraseOrder>
<englishPhrase>We have an in-flight emergency.</englishPhrase>
<romanized>ngah day gay sawng yaw gang gup see</romanized>
<unicode>我哋机上有紧急事</unicode>
<phrase>&amp;#25105;&amp;#21707;&amp;#26426;&amp;#19978;&amp;#26377;&amp;#32039;&amp;#24613;&amp;#20107;</phrase>
</dbo_langKit>
<dbo_langKit>
<phraseID>477</phraseID>
<catID>1</catID>
<phraseOrder>4</phraseOrder>
<englishPhrase>Go around.</englishPhrase>
<romanized>dah goh huen</romanized>
<unicode>打个圈</unicode>
<phrase>&amp;#25171;&amp;#20010;&amp;#22280;</phrase>
</dbo_langKit>
<dbo_langKit>
<phraseID>478</phraseID>
<catID>1</catID>
<phraseOrder>5</phraseOrder>
<englishPhrase>Do not land.</englishPhrase>
<romanized>m ho gong lok</romanized>
<unicode>唔好降落</unicode>
<phrase>&amp;#21780;&amp;#22909;&amp;#38477;&amp;#33853;</phrase>
</dbo_langKit>
<dbo_langKit>
<phraseID>479</phraseID>
<catID>1</catID>
<phraseOrder>6</phraseOrder>
<englishPhrase>Unsafe (Danger)</englishPhrase>
<romanized>m an chuan (aai heem)</romanized>
<unicode>唔安全 (危险)</unicode>
<phrase>&amp;#21780;&amp;#23433;&amp;#20840; (&amp;#21361;&amp;#38505;)</phrase>
</dbo_langKit>
<dbo_langKit>
<phraseID>480</phraseID>
<catID>1</catID>
<phraseOrder>7</phraseOrder>
<englishPhrase>Stop taxi!</englishPhrase>
<romanized>m ho wat heng!</romanized>
<unicode>唔好滑行!</unicode>
<phrase>&amp;#21780;&amp;#22909;&amp;#28369;&amp;#34892;!</phrase>
</dbo_langKit>
<dbo_langKit>
<phraseID>481</phraseID>
<catID>1</catID>
<phraseOrder>8</phraseOrder>
<englishPhrase>Cancel clearance.</englishPhrase>
<romanized>tsui seeyu an chuan dzeuk lok</romanized>
<unicode>取消安全着陆</unicode>
<phrase>&amp;#21462;&amp;#28040;&amp;#23433;&amp;#20840;&amp;#30528;&amp;#38470;</phrase>
</dbo_langKit>
<dbo_langKit>
<phraseID>482</phraseID>
<catID>1</catID>
<phraseOrder>9</phraseOrder>
<englishPhrase>Engine fire!</englishPhrase>
<romanized>yun keng dzeuk fo!</romanized>
<unicode>引擎着火!</unicode>
<phrase>&amp;#24341;&amp;#25806;&amp;#30528;&amp;#28779;!</phrase>
</dbo_langKit>
<dbo_langKit>
<phraseID>483</phraseID>
<catID>1</catID>
<phraseOrder>10</phraseOrder>
<englishPhrase>Aircraft fire!</englishPhrase>
<romanized>faai gaai jerk fo!</romanized>
<unicode>飞机着火!</unicode>
<phrase>&amp;#39134;&amp;#26426;&amp;#30528;&amp;#28779;!</phrase>
</dbo_langKit>
<dbo_langKit>
<phraseID>484</phraseID>
<catID>1</catID>
<phraseOrder>11</phraseOrder>
<englishPhrase>Reserve airfield.</englishPhrase>
<romanized>haw been gaai chang</romanized>
<unicode>后备机场</unicode>
<phrase>&amp;#21518;&amp;#22791;&amp;#26426;&amp;#22330;</phrase>
</dbo_langKit>
<dbo_langKit>
<phraseID>485</phraseID>
<catID>1</catID>
<phraseOrder>12</phraseOrder>
<englishPhrase>Landing gear problem.</englishPhrase>
<romanized>jerk lok gaai haai goo chang</romanized>
<unicode>着陆机械故障</unicode>
<phrase>&amp;#30528;&amp;#38470;&amp;#26426;&amp;#26800;&amp;#25925;&amp;#38556;</phrase>
</dbo_langKit>
<dbo_langKit>
<phraseID>486</phraseID>
<catID>2</catID>
<phraseOrder>1</phraseOrder>
<englishPhrase>Contact ___.</englishPhrase>
<romanized>luen lok ___</romanized>
<unicode>联络 ___</unicode>
<phrase>&amp;#32852;&amp;#32476; ___</phrase>
</dbo_langKit>
<dbo_langKit>
<phraseID>487</phraseID>
<catID>2</catID>
<phraseOrder>2</phraseOrder>
<englishPhrase>Frequency ___ Point ___.</englishPhrase>
<romanized>pun lut ___ kok doh ___</romanized>
<unicode>频率 ___ 角度 ___</unicode>
<phrase>&amp;#39057;&amp;#29575; ___ &amp;#35282;&amp;#24230; ___</phrase>
</dbo_langKit>
<dbo_langKit>
<phraseID>488</phraseID>
<catID>2</catID>
<phraseOrder>3</phraseOrder>
<englishPhrase>Switch to frequency ___.</englishPhrase>
<romanized>hoi kaai doh pun lut ___</romanized>
<unicode>开启到频率 ___</unicode>
<phrase>&amp;#24320;&amp;#21551;&amp;#21040;&amp;#39057;&amp;#29575; ___</phrase>
</dbo_langKit>
<dbo_langKit>
<phraseID>489</phraseID>
<catID>2</catID>
<phraseOrder>4</phraseOrder>
<englishPhrase>Permit me to enter your control zone.</englishPhrase>
<romanized>chang paai jun ngah jun yat lay daai gaai kwon jaai keoy</romanized>
<unicode>请批准我进入你地既管制区</unicode>
<phrase>&amp;#35831;&amp;#25209;&amp;#20934;&amp;#25105;&amp;#36827;&amp;#20837;&amp;#20320;&amp;#22320;&amp;#26082;&amp;#31649;&amp;#21046;&amp;#21306;</phrase>
</dbo_langKit>
<dbo_langKit>
<phraseID>490</phraseID>
<catID>2</catID>
<phraseOrder>5</phraseOrder>
<englishPhrase>Altitude</englishPhrase>
<romanized>go doh</romanized>
<unicode>高度</unicode>
<phrase>&amp;#39640;&amp;#24230;</phrase>
</dbo_langKit>
<dbo_langKit>
<phraseID>491</phraseID>
<catID>2</catID>
<phraseOrder>6</phraseOrder>
<englishPhrase>Flight level</englishPhrase>
<romanized>faai heng go doh</romanized>
<unicode>飞行高度</unicode>
<phrase>&amp;#39134;&amp;#34892;&amp;#39640;&amp;#24230;</phrase>
</dbo_langKit>
<dbo_langKit>
<phraseID>492</phraseID>
<catID>2</catID>
<phraseOrder>7</phraseOrder>
<englishPhrase>Distance</englishPhrase>
<romanized>kui lay</romanized>
<unicode>距离</unicode>
<phrase>&amp;#36317;&amp;#31163;</phrase>
</dbo_langKit>
<dbo_langKit>
<phraseID>493</phraseID>
<catID>2</catID>
<phraseOrder>8</phraseOrder>
<englishPhrase>A beam of ___.</englishPhrase>
<romanized>yat tiu ___</romanized>
<unicode>一条 ___</unicode>
<phrase>&amp;#19968;&amp;#26465; ___</phrase>
</dbo_langKit>
<dbo_langKit>
<phraseID>494</phraseID>
<catID>2</catID>
<phraseOrder>9</phraseOrder>
<englishPhrase>I passed over ___.</englishPhrase>
<romanized>ngah faai kwo ___</romanized>
<unicode>我飞过 ___</unicode>
<phrase>&amp;#25105;&amp;#39134;&amp;#36807; ___</phrase>
</dbo_langKit>
<dbo_langKit>
<phraseID>495</phraseID>
<catID>2</catID>
<phraseOrder>10</phraseOrder>
<englishPhrase>Bearing</englishPhrase>
<romanized>fong heung</romanized>
<unicode>方向</unicode>
<phrase>&amp;#26041;&amp;#21521;</phrase>
</dbo_langKit>
<dbo_langKit>
<phraseID>496</phraseID>
<catID>2</catID>
<phraseOrder>11</phraseOrder>
<englishPhrase>Traffic</englishPhrase>
<romanized>gao tung</romanized>
<unicode>交通</unicode>
<phrase>&amp;#20132;&amp;#36890;</phrase>
</dbo_langKit>
<dbo_langKit>
<phraseID>497</phraseID>
<catID>2</catID>
<phraseOrder>12</phraseOrder>
<englishPhrase>Unidentified aircraft</englishPhrase>
<romanized>but meng faai gaai</romanized>
<unicode>不明飞机</unicode>
<phrase>&amp;#19981;&amp;#26126;&amp;#39134;&amp;#26426;</phrase>
</dbo_langKit>
<dbo_langKit>
<phraseID>498</phraseID>
<catID>2</catID>
<phraseOrder>13</phraseOrder>
<englishPhrase>Aircraft</englishPhrase>
<romanized>faai gaai</romanized>
<unicode>飞机</unicode>
<phrase>&amp;#39134;&amp;#26426;</phrase>
</dbo_langKit>
<dbo_langKit>
<phraseID>499</phraseID>
<catID>2</catID>
<phraseOrder>14</phraseOrder>
<englishPhrase>Helicopter</englishPhrase>
<romanized>jik sing gaai</romanized>
<unicode>直升机</unicode>
<phrase>&amp;#30452;&amp;#21319;&amp;#26426;</phrase>
</dbo_langKit>
<dbo_langKit>
<phraseID>500</phraseID>
<catID>2</catID>
<phraseOrder>15</phraseOrder>
<englishPhrase>Climb to ___.</englishPhrase>
<romanized>pah sing doh ___</romanized>
<unicode>爬升到 ___</unicode>
<phrase>&amp;#29228;&amp;#21319;&amp;#21040; ___</phrase>
</dbo_langKit>
<dbo_langKit>
<phraseID>501</phraseID>
<catID>2</catID>
<phraseOrder>16</phraseOrder>
<englishPhrase>Descend to ___.</englishPhrase>
<romanized>gong doh ___</romanized>
<unicode>降到 ___</unicode>
<phrase>&amp;#38477;&amp;#21040; ___</phrase>
</dbo_langKit>
<dbo_langKit>
<phraseID>502</phraseID>
<catID>2</catID>
<phraseOrder>17</phraseOrder>
<englishPhrase>Estimated time of arrival  (ETA)</englishPhrase>
<romanized>yu ding doh dat see gan</romanized>
<unicode>预定到达时间</unicode>
<phrase>&amp;#39044;&amp;#23450;&amp;#21040;&amp;#36798;&amp;#26102;&amp;#38388;</phrase>
</dbo_langKit>
<dbo_langKit>
<phraseID>503</phraseID>
<catID>2</catID>
<phraseOrder>18</phraseOrder>
<englishPhrase>Flight plan</englishPhrase>
<romanized>faai heng gaai wark</romanized>
<unicode>飞行计划</unicode>
<phrase>&amp;#39134;&amp;#34892;&amp;#35745;&amp;#21010;</phrase>
</dbo_langKit>
<dbo_langKit>
<phraseID>504</phraseID>
<catID>2</catID>
<phraseOrder>19</phraseOrder>
<englishPhrase>Fly heading ___.</englishPhrase>
<romanized>faai heng chiu heung ___</romanized>
<unicode>飞行朝向 ___</unicode>
<phrase>&amp;#39134;&amp;#34892;&amp;#26397;&amp;#21521; ___</phrase>
</dbo_langKit>
<dbo_langKit>
<phraseID>505</phraseID>
<catID>2</catID>
<phraseOrder>20</phraseOrder>
<englishPhrase>We are bound for ___.</englishPhrase>
<romanized>ngah daai faai wong ___</romanized>
<unicode>我哋飞往 ___</unicode>
<phrase>&amp;#25105;&amp;#21707;&amp;#39134;&amp;#24448; ___</phrase>
</dbo_langKit>
<dbo_langKit>
<phraseID>506</phraseID>
<catID>3</catID>
<phraseOrder>1</phraseOrder>
<englishPhrase>Please repeat slowly.</englishPhrase>
<romanized>chang mahn mahn daai tsoy gong dor chee</romanized>
<unicode>请慢慢地再讲多次</unicode>
<phrase>&amp;#35831;&amp;#24930;&amp;#24930;&amp;#22320;&amp;#20877;&amp;#35762;&amp;#22810;&amp;#27425;</phrase>
</dbo_langKit>
<dbo_langKit>
<phraseID>507</phraseID>
<catID>3</catID>
<phraseOrder>2</phraseOrder>
<englishPhrase>Roger</englishPhrase>
<romanized>teng doh</romanized>
<unicode>听到</unicode>
<phrase>&amp;#21548;&amp;#21040;</phrase>
</dbo_langKit>
<dbo_langKit>
<phraseID>508</phraseID>
<catID>3</catID>
<phraseOrder>3</phraseOrder>
<englishPhrase>Over</englishPhrase>
<romanized>gong yuan</romanized>
<unicode>讲完</unicode>
<phrase>&amp;#35762;&amp;#23436;</phrase>
</dbo_langKit>
<dbo_langKit>
<phraseID>509</phraseID>
<catID>3</catID>
<phraseOrder>4</phraseOrder>
<englishPhrase>I did not understand.</englishPhrase>
<romanized>ngah m meng bah</romanized>
<unicode>我吾明白</unicode>
<phrase>&amp;#25105;&amp;#21566;&amp;#26126;&amp;#30333;</phrase>
</dbo_langKit>
<dbo_langKit>
<phraseID>510</phraseID>
<catID>3</catID>
<phraseOrder>5</phraseOrder>
<englishPhrase>Your transmission was blocked.</englishPhrase>
<romanized>lay gaai tung seon sou doh tsor oi</romanized>
<unicode>你既通信受到阻碍</unicode>
<phrase>&amp;#20320;&amp;#26082;&amp;#36890;&amp;#20449;&amp;#21463;&amp;#21040;&amp;#38459;&amp;#30861;</phrase>
</dbo_langKit>
<dbo_langKit>
<phraseID>511</phraseID>
<catID>3</catID>
<phraseOrder>6</phraseOrder>
<englishPhrase>Heavy static</englishPhrase>
<romanized>jing den ho lay hoi</romanized>
<unicode>静电好历害</unicode>
<phrase>&amp;#38745;&amp;#30005;&amp;#22909;&amp;#21382;&amp;#23475;</phrase>
</dbo_langKit>
<dbo_langKit>
<phraseID>512</phraseID>
<catID>3</catID>
<phraseOrder>7</phraseOrder>
<englishPhrase>The signal is weak.</englishPhrase>
<romanized>seon ho ho york</romanized>
<unicode>信号好弱</unicode>
<phrase>&amp;#20449;&amp;#21495;&amp;#22909;&amp;#24369;</phrase>
</dbo_langKit>
<dbo_langKit>
<phraseID>513</phraseID>
<catID>3</catID>
<phraseOrder>8</phraseOrder>
<englishPhrase>Say again.</englishPhrase>
<romanized>tsoy gong dor chee</romanized>
<unicode>再讲多次</unicode>
<phrase>&amp;#20877;&amp;#35762;&amp;#22810;&amp;#27425;</phrase>
</dbo_langKit>
<dbo_langKit>
<phraseID>514</phraseID>
<catID>3</catID>
<phraseOrder>9</phraseOrder>
<englishPhrase>This is an American aircraft.</englishPhrase>
<romanized>li gar haai maai kwa faai gaai</romanized>
<unicode>呢架系美国飞机</unicode>
<phrase>&amp;#21602;&amp;#26550;&amp;#31995;&amp;#32654;&amp;#22269;&amp;#39134;&amp;#26426;</phrase>
</dbo_langKit>
<dbo_langKit>
<phraseID>515</phraseID>
<catID>3</catID>
<phraseOrder>10</phraseOrder>
<englishPhrase>Spell it, please.</englishPhrase>
<romanized>chang yong ying meng jee mo tsueng chud laai</romanized>
<unicode>请用英文字毋串出来</unicode>
<phrase>&amp;#35831;&amp;#29992;&amp;#33521;&amp;#25991;&amp;#23383;&amp;#27595;&amp;#20018;&amp;#20986;&amp;#26469;</phrase>
</dbo_langKit>
<dbo_langKit>
<phraseID>516</phraseID>
<catID>3</catID>
<phraseOrder>11</phraseOrder>
<englishPhrase>Did you say ___?</englishPhrase>
<romanized>laai haai m haai wah ___?</romanized>
<unicode>你系吾系话 ___?</unicode>
<phrase>&amp;#20320;&amp;#31995;&amp;#21566;&amp;#31995;&amp;#35805; ___?</phrase>
</dbo_langKit>
<dbo_langKit>
<phraseID>517</phraseID>
<catID>3</catID>
<phraseOrder>12</phraseOrder>
<englishPhrase>I do not speak Cantonese.</englishPhrase>
<romanized>ngah m sik gong gwang dong wah</romanized>
<unicode>我吾识讲广东话</unicode>
<phrase>&amp;#25105;&amp;#21566;&amp;#35782;&amp;#35762;&amp;#24191;&amp;#19996;&amp;#35805;</phrase>
</dbo_langKit>
<dbo_langKit>
<phraseID>518</phraseID>
<catID>3</catID>
<phraseOrder>13</phraseOrder>
<englishPhrase>Does anyone there speak English?</englishPhrase>
<romanized>gor doh yau mo yan sik gong yeng meng ah?</romanized>
<unicode>嗰度有冇人识讲英文呀?</unicode>
<phrase>&amp;#22000;&amp;#24230;&amp;#26377;&amp;#20871;&amp;#20154;&amp;#35782;&amp;#35762;&amp;#33521;&amp;#25991;&amp;#21568;?</phrase>
</dbo_langKit>
<dbo_langKit>
<phraseID>519</phraseID>
<catID>3</catID>
<phraseOrder>14</phraseOrder>
<englishPhrase>Am I talking with ___ control?</englishPhrase>
<romanized>ngah haai m haai tung ___ hung tsai toi gong wah ah?</romanized>
<unicode>我系吾系同 ___ 控制台讲话呀?</unicode>
<phrase>&amp;#25105;&amp;#31995;&amp;#21566;&amp;#31995;&amp;#21516; ___ &amp;#25511;&amp;#21046;&amp;#21488;&amp;#35762;&amp;#35805;&amp;#21568;?</phrase>
</dbo_langKit>
<dbo_langKit>
<phraseID>520</phraseID>
<catID>3</catID>
<phraseOrder>15</phraseOrder>
<englishPhrase>Is there a better frequency to communicate?</englishPhrase>
<romanized>yau mo gor ching chor dee gaai pun lut lay tung wah ah?</romanized>
<unicode>有冇个清楚啲既频率来通话呀? </unicode>
<phrase>&amp;#26377;&amp;#20871;&amp;#20010;&amp;#28165;&amp;#26970;&amp;#21874;&amp;#26082;&amp;#39057;&amp;#29575;&amp;#26469;&amp;#36890;&amp;#35805;&amp;#21568;? </phrase>
</dbo_langKit>
<dbo_langKit>
<phraseID>521</phraseID>
<catID>3</catID>
<phraseOrder>16</phraseOrder>
<englishPhrase>I read you:</englishPhrase>
<romanized>ngah teng doh lay:</romanized>
<unicode>我听到你：</unicode>
<phrase>&amp;#25105;&amp;#21548;&amp;#21040;&amp;#20320;&amp;#65306;</phrase>
</dbo_langKit>
<dbo_langKit>
<phraseID>522</phraseID>
<catID>3</catID>
<phraseOrder>17</phraseOrder>
<englishPhrase>five-by</englishPhrase>
<romanized>___ mm seng</romanized>
<unicode>___ 五成</unicode>
<phrase>___ &amp;#20116;&amp;#25104;</phrase>
</dbo_langKit>
<dbo_langKit>
<phraseID>523</phraseID>
<catID>3</catID>
<phraseOrder>18</phraseOrder>
<englishPhrase>four-by</englishPhrase>
<romanized>___ say seng</romanized>
<unicode>___ 四成</unicode>
<phrase>___ &amp;#22235;&amp;#25104;</phrase>
</dbo_langKit>
<dbo_langKit>
<phraseID>524</phraseID>
<catID>3</catID>
<phraseOrder>19</phraseOrder>
<englishPhrase>three-by</englishPhrase>
<romanized>___ sahm seng</romanized>
<unicode>___ 三成</unicode>
<phrase>___ &amp;#19977;&amp;#25104;</phrase>
</dbo_langKit>
<dbo_langKit>
<phraseID>525</phraseID>
<catID>3</catID>
<phraseOrder>20</phraseOrder>
<englishPhrase>two-by</englishPhrase>
<romanized>___ leung seng</romanized>
<unicode>___ 两成</unicode>
<phrase>___ &amp;#20004;&amp;#25104;</phrase>
</dbo_langKit>
<dbo_langKit>
<phraseID>526</phraseID>
<catID>3</catID>
<phraseOrder>21</phraseOrder>
<englishPhrase>I do not read you.</englishPhrase>
<romanized>ngah teng m doh lay gong mut</romanized>
<unicode>我听吾到你讲乜</unicode>
<phrase>&amp;#25105;&amp;#21548;&amp;#21566;&amp;#21040;&amp;#20320;&amp;#35762;&amp;#20060;</phrase>
</dbo_langKit>
<dbo_langKit>
<phraseID>527</phraseID>
<catID>4</catID>
<phraseOrder>1</phraseOrder>
<englishPhrase>Runway ___ in use.</englishPhrase>
<romanized>pau doh ___ jeng tsoy see yung chung</romanized>
<unicode>跑道 ___ 正在使用中</unicode>
<phrase>&amp;#36305;&amp;#36947; ___ &amp;#27491;&amp;#22312;&amp;#20351;&amp;#29992;&amp;#20013;</phrase>
</dbo_langKit>
<dbo_langKit>
<phraseID>528</phraseID>
<catID>4</catID>
<phraseOrder>2</phraseOrder>
<englishPhrase>Wind at ___.</englishPhrase>
<romanized>fung chok haai ___</romanized>
<unicode>风速系 ___</unicode>
<phrase>&amp;#39118;&amp;#36895;&amp;#31995; ___</phrase>
</dbo_langKit>
<dbo_langKit>
<phraseID>529</phraseID>
<catID>4</catID>
<phraseOrder>3</phraseOrder>
<englishPhrase>Altimeter</englishPhrase>
<romanized>gao doh bill</romanized>
<unicode>高度表</unicode>
<phrase>&amp;#39640;&amp;#24230;&amp;#34920;</phrase>
</dbo_langKit>
<dbo_langKit>
<phraseID>530</phraseID>
<catID>4</catID>
<phraseOrder>4</phraseOrder>
<englishPhrase>Number ___ to follow.</englishPhrase>
<romanized>daai ___ ho gun chui</romanized>
<unicode>第 ___ 号跟住</unicode>
<phrase>&amp;#31532; ___ &amp;#21495;&amp;#36319;&amp;#20303;</phrase>
</dbo_langKit>
<dbo_langKit>
<phraseID>531</phraseID>
<catID>4</catID>
<phraseOrder>5</phraseOrder>
<englishPhrase>Report.</englishPhrase>
<romanized>po go</romanized>
<unicode>报告</unicode>
<phrase>&amp;#25253;&amp;#21578;</phrase>
</dbo_langKit>
<dbo_langKit>
<phraseID>532</phraseID>
<catID>4</catID>
<phraseOrder>6</phraseOrder>
<englishPhrase>___ miles</englishPhrase>
<romanized>___ ying lay</romanized>
<unicode>___ 英里</unicode>
<phrase>___ &amp;#33521;&amp;#37324;</phrase>
</dbo_langKit>
<dbo_langKit>
<phraseID>533</phraseID>
<catID>4</catID>
<phraseOrder>7</phraseOrder>
<englishPhrase>___ kilometers</englishPhrase>
<romanized>___ gung lay</romanized>
<unicode>___ 公里</unicode>
<phrase>___ &amp;#20844;&amp;#37324;</phrase>
</dbo_langKit>
<dbo_langKit>
<phraseID>534</phraseID>
<catID>4</catID>
<phraseOrder>8</phraseOrder>
<englishPhrase>Beacon</englishPhrase>
<romanized>seon ho sim gwong deng</romanized>
<unicode>信号闪光灯</unicode>
<phrase>&amp;#20449;&amp;#21495;&amp;#38378;&amp;#20809;&amp;#28783;</phrase>
</dbo_langKit>
<dbo_langKit>
<phraseID>535</phraseID>
<catID>4</catID>
<phraseOrder>9</phraseOrder>
<englishPhrase>Final (approach)</englishPhrase>
<romanized>tsui haw (chun cheung)</romanized>
<unicode>最后(进場)</unicode>
<phrase>&amp;#26368;&amp;#21518;(&amp;#36827;&amp;#22580;)</phrase>
</dbo_langKit>
<dbo_langKit>
<phraseID>536</phraseID>
<catID>4</catID>
<phraseOrder>10</phraseOrder>
<englishPhrase>Base</englishPhrase>
<romanized>gaai dey</romanized>
<unicode>基地</unicode>
<phrase>&amp;#22522;&amp;#22320;</phrase>
</dbo_langKit>
<dbo_langKit>
<phraseID>537</phraseID>
<catID>4</catID>
<phraseOrder>11</phraseOrder>
<englishPhrase>Headwind</englishPhrase>
<romanized>yik fung</romanized>
<unicode>逆风</unicode>
<phrase>&amp;#36870;&amp;#39118;</phrase>
</dbo_langKit>
<dbo_langKit>
<phraseID>538</phraseID>
<catID>4</catID>
<phraseOrder>12</phraseOrder>
<englishPhrase>Tailwind</englishPhrase>
<romanized>seon fung</romanized>
<unicode>顺风</unicode>
<phrase>&amp;#39034;&amp;#39118;</phrase>
</dbo_langKit>
<dbo_langKit>
<phraseID>539</phraseID>
<catID>4</catID>
<phraseOrder>13</phraseOrder>
<englishPhrase>Crosswind</englishPhrase>
<romanized>yik fung</romanized>
<unicode>逆风</unicode>
<phrase>&amp;#36870;&amp;#39118;</phrase>
</dbo_langKit>
<dbo_langKit>
<phraseID>540</phraseID>
<catID>4</catID>
<phraseOrder>14</phraseOrder>
<englishPhrase>Downwind</englishPhrase>
<romanized>seon fung</romanized>
<unicode>顺风</unicode>
<phrase>&amp;#39034;&amp;#39118;</phrase>
</dbo_langKit>
<dbo_langKit>
<phraseID>541</phraseID>
<catID>4</catID>
<phraseOrder>15</phraseOrder>
<englishPhrase>Upwind</englishPhrase>
<romanized>yik fung / deng fung</romanized>
<unicode>逆风 / 顶风</unicode>
<phrase>&amp;#36870;&amp;#39118; / &amp;#39030;&amp;#39118;</phrase>
</dbo_langKit>
<dbo_langKit>
<phraseID>542</phraseID>
<catID>4</catID>
<phraseOrder>16</phraseOrder>
<englishPhrase>Extended (fully)</englishPhrase>
<romanized>sun jin (chuen meen)</romanized>
<unicode>伸展 (全面)</unicode>
<phrase>&amp;#20280;&amp;#23637; (&amp;#20840;&amp;#38754;)</phrase>
</dbo_langKit>
<dbo_langKit>
<phraseID>543</phraseID>
<catID>4</catID>
<phraseOrder>17</phraseOrder>
<englishPhrase>Enter landing pattern.</englishPhrase>
<romanized>dzeon yup gong lok mo sik</romanized>
<unicode>进入降落模式</unicode>
<phrase>&amp;#36827;&amp;#20837;&amp;#38477;&amp;#33853;&amp;#27169;&amp;#24335;</phrase>
</dbo_langKit>
<dbo_langKit>
<phraseID>544</phraseID>
<catID>4</catID>
<phraseOrder>18</phraseOrder>
<englishPhrase>Cleared to land.</englishPhrase>
<romanized>ho yee an chuen gong lok</romanized>
<unicode>可以安全降落</unicode>
<phrase>&amp;#21487;&amp;#20197;&amp;#23433;&amp;#20840;&amp;#38477;&amp;#33853;</phrase>
</dbo_langKit>
<dbo_langKit>
<phraseID>545</phraseID>
<catID>4</catID>
<phraseOrder>19</phraseOrder>
<englishPhrase>Landing gear down.</englishPhrase>
<romanized>gong lok chit bay suey ha</romanized>
<unicode>降落设备垂下</unicode>
<phrase>&amp;#38477;&amp;#33853;&amp;#35774;&amp;#22791;&amp;#22402;&amp;#19979;</phrase>
</dbo_langKit>
<dbo_langKit>
<phraseID>546</phraseID>
<catID>4</catID>
<phraseOrder>20</phraseOrder>
<englishPhrase>Turn on runway lights.</englishPhrase>
<romanized>hoi kaai pau doh deng</romanized>
<unicode>开启跑道灯</unicode>
<phrase>&amp;#24320;&amp;#21551;&amp;#36305;&amp;#36947;&amp;#28783;</phrase>
</dbo_langKit>
<dbo_langKit>
<phraseID>547</phraseID>
<catID>4</catID>
<phraseOrder>21</phraseOrder>
<englishPhrase>Is your navigation system working?</englishPhrase>
<romanized>lay dey ge tsam hong haai tung dzeng seung mah?</romanized>
<unicode>你哋既导航系统正常吗?</unicode>
<phrase>&amp;#20320;&amp;#21707;&amp;#26082;&amp;#23548;&amp;#33322;&amp;#31995;&amp;#32479;&amp;#27491;&amp;#24120;&amp;#21527;?</phrase>
</dbo_langKit>
<dbo_langKit>
<phraseID>548</phraseID>
<catID>4</catID>
<phraseOrder>22</phraseOrder>
<englishPhrase>I see the airfield.</englishPhrase>
<romanized>ngah taai gin gaai cheung</romanized>
<unicode>我睇见机场</unicode>
<phrase>&amp;#25105;&amp;#30535;&amp;#35265;&amp;#26426;&amp;#22330;</phrase>
</dbo_langKit>
<dbo_langKit>
<phraseID>549</phraseID>
<catID>4</catID>
<phraseOrder>23</phraseOrder>
<englishPhrase>I see the runway.</englishPhrase>
<romanized>ngah taai gin pau doh</romanized>
<unicode>我睇见跑道</unicode>
<phrase>&amp;#25105;&amp;#30535;&amp;#35265;&amp;#36305;&amp;#36947;</phrase>
</dbo_langKit>
<dbo_langKit>
<phraseID>550</phraseID>
<catID>4</catID>
<phraseOrder>24</phraseOrder>
<englishPhrase>I&apos;ve landed.</englishPhrase>
<romanized>ngah ging yee jerk lok</romanized>
<unicode>我经巳着陆</unicode>
<phrase>&amp;#25105;&amp;#32463;&amp;#24051;&amp;#30528;&amp;#38470;</phrase>
</dbo_langKit>
<dbo_langKit>
<phraseID>551</phraseID>
<catID>4</catID>
<phraseOrder>25</phraseOrder>
<englishPhrase>Is your Instrument Landing System (VOR, TACAN) working?</englishPhrase>
<romanized>lay dey ge gong lok yee haai tung dzeng seung mah?</romanized>
<unicode>你哋既降落仪系统正常吗？</unicode>
<phrase>&amp;#20320;&amp;#21707;&amp;#26082;&amp;#38477;&amp;#33853;&amp;#20202;&amp;#31995;&amp;#32479;&amp;#27491;&amp;#24120;&amp;#21527;&amp;#65311;</phrase>
</dbo_langKit>
<dbo_langKit>
<phraseID>552</phraseID>
<catID>5</catID>
<phraseOrder>1</phraseOrder>
<englishPhrase>Taxiway</englishPhrase>
<romanized>faai gaai wat heng doh</romanized>
<unicode>飞机滑行道</unicode>
<phrase>&amp;#39134;&amp;#26426;&amp;#28369;&amp;#34892;&amp;#36947;</phrase>
</dbo_langKit>
<dbo_langKit>
<phraseID>553</phraseID>
<catID>5</catID>
<phraseOrder>2</phraseOrder>
<englishPhrase>Taxi</englishPhrase>
<romanized>wat heng</romanized>
<unicode>滑行</unicode>
<phrase>&amp;#28369;&amp;#34892;</phrase>
</dbo_langKit>
<dbo_langKit>
<phraseID>554</phraseID>
<catID>5</catID>
<phraseOrder>3</phraseOrder>
<englishPhrase>Turn right.</englishPhrase>
<romanized>heung yau jun</romanized>
<unicode>向右转</unicode>
<phrase>&amp;#21521;&amp;#21491;&amp;#36716;</phrase>
</dbo_langKit>
<dbo_langKit>
<phraseID>555</phraseID>
<catID>5</catID>
<phraseOrder>4</phraseOrder>
<englishPhrase>Turn left.</englishPhrase>
<romanized>heung tso jun</romanized>
<unicode>向左转</unicode>
<phrase>&amp;#21521;&amp;#24038;&amp;#36716;</phrase>
</dbo_langKit>
<dbo_langKit>
<phraseID>556</phraseID>
<catID>5</catID>
<phraseOrder>5</phraseOrder>
<englishPhrase>To the hardstand.</englishPhrase>
<romanized>chin won ang toi</romanized>
<unicode>前往硬台</unicode>
<phrase>&amp;#21069;&amp;#24448;&amp;#30828;&amp;#21488;</phrase>
</dbo_langKit>
<dbo_langKit>
<phraseID>557</phraseID>
<catID>5</catID>
<phraseOrder>6</phraseOrder>
<englishPhrase>Follow the &quot;follow-me&quot; truck.</englishPhrase>
<romanized>gun tsui &quot;hoi low&quot; tse jout</romanized>
<unicode>跟住 &quot;開路&quot;车走</unicode>
<phrase>&amp;#36319;&amp;#20303; &quot;&amp;#38283;&amp;#36335;&quot;&amp;#36710;&amp;#36208;</phrase>
</dbo_langKit>
<dbo_langKit>
<phraseID>558</phraseID>
<catID>5</catID>
<phraseOrder>7</phraseOrder>
<englishPhrase>Take runway ___.</englishPhrase>
<romanized>see yung pau doh ___</romanized>
<unicode>使用跑道 ___</unicode>
<phrase>&amp;#20351;&amp;#29992;&amp;#36305;&amp;#36947; ___</phrase>
</dbo_langKit>
<dbo_langKit>
<phraseID>559</phraseID>
<catID>5</catID>
<phraseOrder>8</phraseOrder>
<englishPhrase>Hold short of runway.</englishPhrase>
<romanized>pau doh chin teng daai</romanized>
<unicode>跑道前停低</unicode>
<phrase>&amp;#36305;&amp;#36947;&amp;#21069;&amp;#20572;&amp;#20302;</phrase>
</dbo_langKit>
<dbo_langKit>
<phraseID>560</phraseID>
<catID>5</catID>
<phraseOrder>9</phraseOrder>
<englishPhrase>Is able, enter next taxiway.</englishPhrase>
<romanized>ho yee chuen yup gak lay gaai wat heng doh</romanized>
<unicode>可以进入隔离既滑行道</unicode>
<phrase>&amp;#21487;&amp;#20197;&amp;#36827;&amp;#20837;&amp;#38548;&amp;#31163;&amp;#26082;&amp;#28369;&amp;#34892;&amp;#36947;</phrase>
</dbo_langKit>
<dbo_langKit>
<phraseID>561</phraseID>
<catID>5</catID>
<phraseOrder>10</phraseOrder>
<englishPhrase>Taxi to parking.</englishPhrase>
<romanized>wat heng doh teng gaai tsui</romanized>
<unicode>滑行到停机处</unicode>
<phrase>&amp;#28369;&amp;#34892;&amp;#21040;&amp;#20572;&amp;#26426;&amp;#22788;</phrase>
</dbo_langKit>
<dbo_langKit>
<phraseID>562</phraseID>
<catID>5</catID>
<phraseOrder>11</phraseOrder>
<englishPhrase>Marshallers will assist.</englishPhrase>
<romanized>jee doh yuan wui bong lay</romanized>
<unicode>指导员会帮你</unicode>
<phrase>&amp;#25351;&amp;#23548;&amp;#21592;&amp;#20250;&amp;#24110;&amp;#20320;</phrase>
</dbo_langKit>
<dbo_langKit>
<phraseID>563</phraseID>
<catID>5</catID>
<phraseOrder>12</phraseOrder>
<englishPhrase>Taxi into position and hold.</englishPhrase>
<romanized>wat heng doh jee deng daai dim, yin haw dzam teng yat tsai dong jog</romanized>
<unicode>滑行到指定地点，然后暂停一切动作</unicode>
<phrase>&amp;#28369;&amp;#34892;&amp;#21040;&amp;#25351;&amp;#23450;&amp;#22320;&amp;#28857;&amp;#65292;&amp;#28982;&amp;#21518;&amp;#26242;&amp;#20572;&amp;#19968;&amp;#20999;&amp;#21160;&amp;#20316;</phrase>
</dbo_langKit>
<dbo_langKit>
<phraseID>564</phraseID>
<catID>5</catID>
<phraseOrder>13</phraseOrder>
<englishPhrase>There is an obstacle in our way.</englishPhrase>
<romanized>ngah daai chin meen yau cheung oi</romanized>
<unicode>我地前面有障碍</unicode>
<phrase>&amp;#25105;&amp;#22320;&amp;#21069;&amp;#38754;&amp;#26377;&amp;#38556;&amp;#30861;</phrase>
</dbo_langKit>
<dbo_langKit>
<phraseID>565</phraseID>
<catID>5</catID>
<phraseOrder>14</phraseOrder>
<englishPhrase>Can you move that ___?</englishPhrase>
<romanized>lay ho yee bun tsout gor ___?</romanized>
<unicode>你可以搬走嗰 ___?</unicode>
<phrase>&amp;#20320;&amp;#21487;&amp;#20197;&amp;#25644;&amp;#36208;&amp;#22000; ___?</phrase>
</dbo_langKit>
<dbo_langKit>
<phraseID>566</phraseID>
<catID>5</catID>
<phraseOrder>15</phraseOrder>
<englishPhrase>     car?</englishPhrase>
<romanized>  gar chey mah?</romanized>
<unicode>  架车吗？</unicode>
<phrase>  &amp;#26550;&amp;#36710;&amp;#21527;&amp;#65311;</phrase>
</dbo_langKit>
<dbo_langKit>
<phraseID>567</phraseID>
<catID>5</catID>
<phraseOrder>16</phraseOrder>
<englishPhrase>     truck?</englishPhrase>
<romanized>  gar for chey mah?</romanized>
<unicode>  架货车吗？</unicode>
<phrase>  &amp;#26550;&amp;#36135;&amp;#36710;&amp;#21527;&amp;#65311;</phrase>
</dbo_langKit>
<dbo_langKit>
<phraseID>568</phraseID>
<catID>5</catID>
<phraseOrder>17</phraseOrder>
<englishPhrase>     airplane?</englishPhrase>
<romanized>  gar faai gaai mah?</romanized>
<unicode>  架飞机吗？</unicode>
<phrase>  &amp;#26550;&amp;#39134;&amp;#26426;&amp;#21527;&amp;#65311;</phrase>
</dbo_langKit>
<dbo_langKit>
<phraseID>569</phraseID>
<catID>5</catID>
<phraseOrder>18</phraseOrder>
<englishPhrase>     powercart?</englishPhrase>
<romanized>  gar fat deng chey mah?</romanized>
<unicode>  架发电车吗？</unicode>
<phrase>  &amp;#26550;&amp;#21457;&amp;#30005;&amp;#36710;&amp;#21527;&amp;#65311;</phrase>
</dbo_langKit>
<dbo_langKit>
<phraseID>570</phraseID>
<catID>5</catID>
<phraseOrder>19</phraseOrder>
<englishPhrase>We need minimum ___.</englishPhrase>
<romanized>ngah daai sui yiu jee tsiu ___</romanized>
<unicode>我地需要至少 ___</unicode>
<phrase>&amp;#25105;&amp;#22320;&amp;#38656;&amp;#35201;&amp;#33267;&amp;#23569; ___</phrase>
</dbo_langKit>
<dbo_langKit>
<phraseID>571</phraseID>
<catID>5</catID>
<phraseOrder>20</phraseOrder>
<englishPhrase>50 feet taxiway</englishPhrase>
<romanized>m sub chek wat heng doh</romanized>
<unicode>五十尺滑行道</unicode>
<phrase>&amp;#20116;&amp;#21313;&amp;#23610;&amp;#28369;&amp;#34892;&amp;#36947;</phrase>
</dbo_langKit>
<dbo_langKit>
<phraseID>572</phraseID>
<catID>5</catID>
<phraseOrder>21</phraseOrder>
<englishPhrase>70 feet taxiway</englishPhrase>
<romanized>chad sub chek wat heng doh</romanized>
<unicode>七十尺滑行道</unicode>
<phrase>&amp;#19971;&amp;#21313;&amp;#23610;&amp;#28369;&amp;#34892;&amp;#36947;</phrase>
</dbo_langKit>
<dbo_langKit>
<phraseID>573</phraseID>
<catID>5</catID>
<phraseOrder>22</phraseOrder>
<englishPhrase>Our wingspan is ___ meters.</englishPhrase>
<romanized>ngah daai leung jak gaai yik ge jung cheung doh haai ___ gung chek</romanized>
<unicode>我地两只机翼既总长度系 ___ 公尺</unicode>
<phrase>&amp;#25105;&amp;#22320;&amp;#20004;&amp;#21482;&amp;#26426;&amp;#32764;&amp;#26082;&amp;#24635;&amp;#38271;&amp;#24230;&amp;#31995; ___ &amp;#20844;&amp;#23610;</phrase>
</dbo_langKit>
<dbo_langKit>
<phraseID>574</phraseID>
<catID>5</catID>
<phraseOrder>23</phraseOrder>
<englishPhrase>We need wingtip clearance.</englishPhrase>
<romanized>ngah daai tsui yiu yik jim ge an chuen hung gan</romanized>
<unicode>我地需要翼尖既安全空间</unicode>
<phrase>&amp;#25105;&amp;#22320;&amp;#38656;&amp;#35201;&amp;#32764;&amp;#23574;&amp;#26082;&amp;#23433;&amp;#20840;&amp;#31354;&amp;#38388;</phrase>
</dbo_langKit>
<dbo_langKit>
<phraseID>575</phraseID>
<catID>6</catID>
<phraseOrder>1</phraseOrder>
<englishPhrase>Request takeoff.</englishPhrase>
<romanized>chang kaw haai gaai</romanized>
<unicode>请求起机</unicode>
<phrase>&amp;#35831;&amp;#27714;&amp;#36215;&amp;#26426;</phrase>
</dbo_langKit>
<dbo_langKit>
<phraseID>576</phraseID>
<catID>6</catID>
<phraseOrder>2</phraseOrder>
<englishPhrase>Cleared for takeoff.</englishPhrase>
<romanized>ho yee haai gaai</romanized>
<unicode>可以起机</unicode>
<phrase>&amp;#21487;&amp;#20197;&amp;#36215;&amp;#26426;</phrase>
</dbo_langKit>
<dbo_langKit>
<phraseID>577</phraseID>
<catID>6</catID>
<phraseOrder>3</phraseOrder>
<englishPhrase>After departure, ___.</englishPhrase>
<romanized>lay hoi haw, ___</romanized>
<unicode>离开后,___</unicode>
<phrase>&amp;#31163;&amp;#24320;&amp;#21518;,___</phrase>
</dbo_langKit>
<dbo_langKit>
<phraseID>578</phraseID>
<catID>6</catID>
<phraseOrder>4</phraseOrder>
<englishPhrase>Heading</englishPhrase>
<romanized>chin wong</romanized>
<unicode>前往</unicode>
<phrase>&amp;#21069;&amp;#24448;</phrase>
</dbo_langKit>
<dbo_langKit>
<phraseID>579</phraseID>
<catID>6</catID>
<phraseOrder>5</phraseOrder>
<englishPhrase>Flock of birds</englishPhrase>
<romanized>yat kwan jeok</romanized>
<unicode>一群雀</unicode>
<phrase>&amp;#19968;&amp;#32676;&amp;#38592;</phrase>
</dbo_langKit>
<dbo_langKit>
<phraseID>580</phraseID>
<catID>6</catID>
<phraseOrder>6</phraseOrder>
<englishPhrase>Climb and maintain.</englishPhrase>
<romanized>pa sing kup po chee</romanized>
<unicode>爬升及保持</unicode>
<phrase>&amp;#29228;&amp;#21319;&amp;#21450;&amp;#20445;&amp;#25345;</phrase>
</dbo_langKit>
<dbo_langKit>
<phraseID>581</phraseID>
<catID>7</catID>
<phraseOrder>1</phraseOrder>
<englishPhrase>What is the maximum weight the parking ramp can withstand?</englishPhrase>
<romanized>teng gaai peng ho yee fu dam tsui chung ge chung leung haai gaai dor?</romanized>
<unicode>停机坪可以负担最重既重量系几多？</unicode>
<phrase>&amp;#20572;&amp;#26426;&amp;#22378;&amp;#21487;&amp;#20197;&amp;#36127;&amp;#25285;&amp;#26368;&amp;#37325;&amp;#26082;&amp;#37325;&amp;#37327;&amp;#31995;&amp;#20960;&amp;#22810;&amp;#65311;</phrase>
</dbo_langKit>
<dbo_langKit>
<phraseID>582</phraseID>
<catID>7</catID>
<phraseOrder>2</phraseOrder>
<englishPhrase>What is the total length of the runway?</englishPhrase>
<romanized>pau doh ge chung cheung haai gaai dor?</romanized>
<unicode>跑道既总长系几多？</unicode>
<phrase>&amp;#36305;&amp;#36947;&amp;#26082;&amp;#24635;&amp;#38271;&amp;#31995;&amp;#20960;&amp;#22810;&amp;#65311;</phrase>
</dbo_langKit>
<dbo_langKit>
<phraseID>583</phraseID>
<catID>7</catID>
<phraseOrder>3</phraseOrder>
<englishPhrase>What is the width of the runway?</englishPhrase>
<romanized>pau doh ge fut doh haai gaai dor?</romanized>
<unicode>跑道既阔度系几多？</unicode>
<phrase>&amp;#36305;&amp;#36947;&amp;#26082;&amp;#38420;&amp;#24230;&amp;#31995;&amp;#20960;&amp;#22810;&amp;#65311;</phrase>
</dbo_langKit>
<dbo_langKit>
<phraseID>584</phraseID>
<catID>7</catID>
<phraseOrder>4</phraseOrder>
<englishPhrase>What is the maximum weight the runway can stand?</englishPhrase>
<romanized>pau doh ho yee fu dam dzui chung ge chung leung haai gaai doh?</romanized>
<unicode>跑道可以负担最重既重量系几多？</unicode>
<phrase>&amp;#36305;&amp;#36947;&amp;#21487;&amp;#20197;&amp;#36127;&amp;#25285;&amp;#26368;&amp;#37325;&amp;#26082;&amp;#37325;&amp;#37327;&amp;#31995;&amp;#20960;&amp;#22810;&amp;#65311;</phrase>
</dbo_langKit>
<dbo_langKit>
<phraseID>585</phraseID>
<catID>7</catID>
<phraseOrder>5</phraseOrder>
<englishPhrase>What are the operational hours of your tower?</englishPhrase>
<romanized>lay daai hung chaai tap ge won jog see gan haai gaai deem jee gaai deem?</romanized>
<unicode>你哋控制塔既运作时间系几点至几点？</unicode>
<phrase>&amp;#20320;&amp;#21707;&amp;#25511;&amp;#21046;&amp;#22612;&amp;#26082;&amp;#36816;&amp;#20316;&amp;#26102;&amp;#38388;&amp;#31995;&amp;#20960;&amp;#28857;&amp;#33267;&amp;#20960;&amp;#28857;&amp;#65311;</phrase>
</dbo_langKit>
<dbo_langKit>
<phraseID>586</phraseID>
<catID>7</catID>
<phraseOrder>6</phraseOrder>
<englishPhrase>What fees are we liable for?</englishPhrase>
<romanized>ngah daai yiu baai dee mut yeah faai yung ah?</romanized>
<unicode>我哋要俾啲乜野费用呀？</unicode>
<phrase>&amp;#25105;&amp;#21707;&amp;#35201;&amp;#20478;&amp;#21874;&amp;#20060;&amp;#37326;&amp;#36153;&amp;#29992;&amp;#21568;&amp;#65311;</phrase>
</dbo_langKit>
<dbo_langKit>
<phraseID>587</phraseID>
<catID>7</catID>
<phraseOrder>7</phraseOrder>
<englishPhrase>How much do we owe?</englishPhrase>
<romanized>ngah daai jang lay gaai dor chin ah?</romanized>
<unicode>我哋争你几多钱呀？</unicode>
<phrase>&amp;#25105;&amp;#21707;&amp;#20105;&amp;#20320;&amp;#20960;&amp;#22810;&amp;#38065;&amp;#21568;&amp;#65311;</phrase>
</dbo_langKit>
<dbo_langKit>
<phraseID>588</phraseID>
<catID>7</catID>
<phraseOrder>8</phraseOrder>
<englishPhrase>Dollars</englishPhrase>
<romanized>mei gum</romanized>
<unicode>美金</unicode>
<phrase>&amp;#32654;&amp;#37329;</phrase>
</dbo_langKit>
<dbo_langKit>
<phraseID>589</phraseID>
<catID>7</catID>
<phraseOrder>9</phraseOrder>
<englishPhrase>Hong Kong dollar</englishPhrase>
<romanized>kong unt-mun</romanized>
<unicode>港银-蚊</unicode>
<phrase>&amp;#28207;&amp;#38134;-&amp;#34442;</phrase>
</dbo_langKit>
<dbo_langKit>
<phraseID>590</phraseID>
<catID>7</catID>
<phraseOrder>10</phraseOrder>
<englishPhrase>I am ___.</englishPhrase>
<romanized>ngah haai ___</romanized>
<unicode>我系 ___</unicode>
<phrase>&amp;#25105;&amp;#31995; ___</phrase>
</dbo_langKit>
<dbo_langKit>
<phraseID>591</phraseID>
<catID>7</catID>
<phraseOrder>11</phraseOrder>
<englishPhrase>   the aircraft commander</englishPhrase>
<romanized>lee gar faai gaai ge see leng yuan</romanized>
<unicode>呢架飞机既司令员</unicode>
<phrase>&amp;#21602;&amp;#26550;&amp;#39134;&amp;#26426;&amp;#26082;&amp;#21496;&amp;#20196;&amp;#21592;</phrase>
</dbo_langKit>
<dbo_langKit>
<phraseID>592</phraseID>
<catID>7</catID>
<phraseOrder>12</phraseOrder>
<englishPhrase>   the flight engineer</englishPhrase>
<romanized>faai heng gung ching see</romanized>
<unicode>飞行工程师</unicode>
<phrase>&amp;#39134;&amp;#34892;&amp;#24037;&amp;#31243;&amp;#24072;</phrase>
</dbo_langKit>
<dbo_langKit>
<phraseID>593</phraseID>
<catID>7</catID>
<phraseOrder>13</phraseOrder>
<englishPhrase>   the navigator</englishPhrase>
<romanized>leng heng yuan</romanized>
<unicode>领航员</unicode>
<phrase>&amp;#39046;&amp;#33322;&amp;#21592;</phrase>
</dbo_langKit>
<dbo_langKit>
<phraseID>594</phraseID>
<catID>7</catID>
<phraseOrder>14</phraseOrder>
<englishPhrase>   the copilot</englishPhrase>
<romanized>fu gaai see</romanized>
<unicode>副机师</unicode>
<phrase>&amp;#21103;&amp;#26426;&amp;#24072;</phrase>
</dbo_langKit>
<dbo_langKit>
<phraseID>595</phraseID>
<catID>7</catID>
<phraseOrder>15</phraseOrder>
<englishPhrase>   the crew chief</englishPhrase>
<romanized>gao yuan leng ban</romanized>
<unicode>机员领班</unicode>
<phrase>&amp;#26426;&amp;#21592;&amp;#39046;&amp;#29677;</phrase>
</dbo_langKit>
<dbo_langKit>
<phraseID>596</phraseID>
<catID>7</catID>
<phraseOrder>16</phraseOrder>
<englishPhrase>   the flight surgeon</englishPhrase>
<romanized>tsui gaai yee seng</romanized>
<unicode>隨几区生</unicode>
<phrase>&amp;#38568;&amp;#20960;&amp;#21306;&amp;#29983;</phrase>
</dbo_langKit>
<dbo_langKit>
<phraseID>597</phraseID>
<catID>7</catID>
<phraseOrder>17</phraseOrder>
<englishPhrase>   the loadmaster</englishPhrase>
<romanized>for won chung guan</romanized>
<unicode>货运总管</unicode>
<phrase>&amp;#36135;&amp;#36816;&amp;#24635;&amp;#31649;</phrase>
</dbo_langKit>
<dbo_langKit>
<phraseID>598</phraseID>
<catID>7</catID>
<phraseOrder>18</phraseOrder>
<englishPhrase>   the radio operator</englishPhrase>
<romanized>dzip sin din seng</romanized>
<unicode>无线电生</unicode>
<phrase>&amp;#26080;&amp;#32447;&amp;#30005;&amp;#29983;</phrase>
</dbo_langKit>
<dbo_langKit>
<phraseID>599</phraseID>
<catID>7</catID>
<phraseOrder>19</phraseOrder>
<englishPhrase>This is the flight crew.</englishPhrase>
<romanized>li dee haai gaai yuan</romanized>
<unicode>呢啲系机员</unicode>
<phrase>&amp;#21602;&amp;#21874;&amp;#31995;&amp;#26426;&amp;#21592;</phrase>
</dbo_langKit>
<dbo_langKit>
<phraseID>600</phraseID>
<catID>8</catID>
<phraseOrder>1</phraseOrder>
<englishPhrase>We need a forklift.</englishPhrase>
<romanized>ngah daai sui yiu yat gar haai chung chey</romanized>
<unicode>我哋需要一架起重车</unicode>
<phrase>&amp;#25105;&amp;#21707;&amp;#38656;&amp;#35201;&amp;#19968;&amp;#26550;&amp;#36215;&amp;#37325;&amp;#36710;</phrase>
</dbo_langKit>
<dbo_langKit>
<phraseID>601</phraseID>
<catID>8</catID>
<phraseOrder>2</phraseOrder>
<englishPhrase>Where do we unload?</englishPhrase>
<romanized>ngah daai haai bin doh lok for?</romanized>
<unicode>我哋系边度落货？</unicode>
<phrase>&amp;#25105;&amp;#21707;&amp;#31995;&amp;#36793;&amp;#24230;&amp;#33853;&amp;#36135;&amp;#65311;</phrase>
</dbo_langKit>
<dbo_langKit>
<phraseID>602</phraseID>
<catID>8</catID>
<phraseOrder>3</phraseOrder>
<englishPhrase>Pallet</englishPhrase>
<romanized>muk toi</romanized>
<unicode>木台</unicode>
<phrase>&amp;#26408;&amp;#21488;</phrase>
</dbo_langKit>
<dbo_langKit>
<phraseID>603</phraseID>
<catID>8</catID>
<phraseOrder>4</phraseOrder>
<englishPhrase>Cargo</englishPhrase>
<romanized>for mut</romanized>
<unicode>货物</unicode>
<phrase>&amp;#36135;&amp;#29289;</phrase>
</dbo_langKit>
<dbo_langKit>
<phraseID>604</phraseID>
<catID>8</catID>
<phraseOrder>5</phraseOrder>
<englishPhrase>We need a pallet loader.</englishPhrase>
<romanized>ngah daai seoy yiu yat gar muk toi boon for gaai</romanized>
<unicode>我哋需要一架木台搬货机</unicode>
<phrase>&amp;#25105;&amp;#21707;&amp;#38656;&amp;#35201;&amp;#19968;&amp;#26550;&amp;#26408;&amp;#21488;&amp;#25644;&amp;#36135;&amp;#26426;</phrase>
</dbo_langKit>
<dbo_langKit>
<phraseID>605</phraseID>
<catID>8</catID>
<phraseOrder>6</phraseOrder>
<englishPhrase>We need workers to assist with unloading.</englishPhrase>
<romanized>ngah daai sui yiu yan saw bong ngah day log foh</romanized>
<unicode>我哋需要人手帮我地落货</unicode>
<phrase>&amp;#25105;&amp;#21707;&amp;#38656;&amp;#35201;&amp;#20154;&amp;#25163;&amp;#24110;&amp;#25105;&amp;#22320;&amp;#33853;&amp;#36135;</phrase>
</dbo_langKit>
<dbo_langKit>
<phraseID>606</phraseID>
<catID>8</catID>
<phraseOrder>7</phraseOrder>
<englishPhrase>We need cargo handlers.</englishPhrase>
<romanized>ngah daai seoy yiu for mut tsui lay yuan</romanized>
<unicode>我哋需要货物处理员</unicode>
<phrase>&amp;#25105;&amp;#21707;&amp;#38656;&amp;#35201;&amp;#36135;&amp;#29289;&amp;#22788;&amp;#29702;&amp;#21592;</phrase>
</dbo_langKit>
<dbo_langKit>
<phraseID>607</phraseID>
<catID>8</catID>
<phraseOrder>8</phraseOrder>
<englishPhrase>Is there a staging area for cargo?</englishPhrase>
<romanized>yau mo jarm see tsui lee for mut ge daai fong?</romanized>
<unicode>有冇暂时处理货物既地方？</unicode>
<phrase>&amp;#26377;&amp;#20871;&amp;#26242;&amp;#26102;&amp;#22788;&amp;#29702;&amp;#36135;&amp;#29289;&amp;#26082;&amp;#22320;&amp;#26041;&amp;#65311;</phrase>
</dbo_langKit>
<dbo_langKit>
<phraseID>608</phraseID>
<catID>9</catID>
<phraseOrder>1</phraseOrder>
<englishPhrase>Do you have ___?</englishPhrase>
<romanized>lay yau mo ___?</romanized>
<unicode>你有冇 ___？</unicode>
<phrase>&amp;#20320;&amp;#26377;&amp;#20871; ___&amp;#65311;</phrase>
</dbo_langKit>
<dbo_langKit>
<phraseID>609</phraseID>
<catID>9</catID>
<phraseOrder>2</phraseOrder>
<englishPhrase>   Oil</englishPhrase>
<romanized>yau</romanized>
<unicode>油</unicode>
<phrase>&amp;#27833;</phrase>
</dbo_langKit>
<dbo_langKit>
<phraseID>610</phraseID>
<catID>9</catID>
<phraseOrder>3</phraseOrder>
<englishPhrase>   Hydraulic fluid</englishPhrase>
<romanized>seoy art yik</romanized>
<unicode>水压液</unicode>
<phrase>&amp;#27700;&amp;#21387;&amp;#28082;</phrase>
</dbo_langKit>
<dbo_langKit>
<phraseID>611</phraseID>
<catID>9</catID>
<phraseOrder>4</phraseOrder>
<englishPhrase>   Hydraulic system</englishPhrase>
<romanized>seoy art haai tung</romanized>
<unicode>水压系统</unicode>
<phrase>&amp;#27700;&amp;#21387;&amp;#31995;&amp;#32479;</phrase>
</dbo_langKit>
<dbo_langKit>
<phraseID>612</phraseID>
<catID>9</catID>
<phraseOrder>5</phraseOrder>
<englishPhrase>We need local airline maintenance support.</englishPhrase>
<romanized>ngah daai tsui yie boon daai ge hong hung kung see wais haw jee wund</romanized>
<unicode>我哋需要本地既航空公司维修支援</unicode>
<phrase>&amp;#25105;&amp;#21707;&amp;#38656;&amp;#35201;&amp;#26412;&amp;#22320;&amp;#26082;&amp;#33322;&amp;#31354;&amp;#20844;&amp;#21496;&amp;#32500;&amp;#20462;&amp;#25903;&amp;#25588;</phrase>
</dbo_langKit>
<dbo_langKit>
<phraseID>613</phraseID>
<catID>9</catID>
<phraseOrder>6</phraseOrder>
<englishPhrase>Our power requirements are ___.</englishPhrase>
<romanized>ngah daai ge deem lek tsui kaw haai ___</romanized>
<unicode>我哋既电力需求系 ___</unicode>
<phrase>&amp;#25105;&amp;#21707;&amp;#26082;&amp;#30005;&amp;#21147;&amp;#38656;&amp;#27714;&amp;#31995; ___</phrase>
</dbo_langKit>
<dbo_langKit>
<phraseID>640</phraseID>
<catID>12</catID>
<phraseOrder>1</phraseOrder>
<englishPhrase>gw</englishPhrase>
<romanized>&lt;span class=&quot;css_hl&quot;&gt;gw&lt;/span&gt;or or &lt;span class=&quot;css_hl&quot;&gt;gw&lt;/span&gt;ang</romanized>
<phrase>&lt;span class=&quot;css_hl&quot;&gt;gw&lt;/span&gt;or or &lt;span class=&quot;css_hl&quot;&gt;gw&lt;/span&gt;ang</phrase>
</dbo_langKit>
<dbo_langKit>
<phraseID>641</phraseID>
<catID>12</catID>
<phraseOrder>2</phraseOrder>
<englishPhrase>kw</englishPhrase>
<romanized>&lt;span class=&quot;css_hl&quot;&gt;kw&lt;/span&gt;an or &lt;span class=&quot;css_hl&quot;&gt;kw&lt;/span&gt;a</romanized>
<phrase>&lt;span class=&quot;css_hl&quot;&gt;kw&lt;/span&gt;an or &lt;span class=&quot;css_hl&quot;&gt;kw&lt;/span&gt;a</phrase>
</dbo_langKit>
<dbo_langKit>
<phraseID>642</phraseID>
<catID>12</catID>
<phraseOrder>3</phraseOrder>
<englishPhrase>ng</englishPhrase>
<romanized>&lt;span class=&quot;css_hl&quot;&gt;ng&lt;/span&gt;ah or te&lt;span class=&quot;css_hl&quot;&gt;ng&lt;/span&gt;</romanized>
<phrase>&lt;span class=&quot;css_hl&quot;&gt;ng&lt;/span&gt;ah or te&lt;span class=&quot;css_hl&quot;&gt;ng&lt;/span&gt;</phrase>
</dbo_langKit>
<dbo_langKit>
<phraseID>643</phraseID>
<catID>12</catID>
<phraseOrder>4</phraseOrder>
<englishPhrase>aai</englishPhrase>
<romanized>d&lt;span class=&quot;css_hl&quot;&gt;aai&lt;/span&gt; or &lt;span class=&quot;css_hl&quot;&gt;aai&lt;/span&gt;</romanized>
<phrase>d&lt;span class=&quot;css_hl&quot;&gt;aai&lt;/span&gt; or &lt;span class=&quot;css_hl&quot;&gt;aai&lt;/span&gt;</phrase>
</dbo_langKit>
<dbo_langKit>
<phraseID>644</phraseID>
<catID>12</catID>
<phraseOrder>5</phraseOrder>
<englishPhrase>iu</englishPhrase>
<romanized>l&lt;span class=&quot;css_hl&quot;&gt;iu&lt;/span&gt; or y&lt;span class=&quot;css_hl&quot;&gt;iu&lt;/span&gt;</romanized>
<phrase>l&lt;span class=&quot;css_hl&quot;&gt;iu&lt;/span&gt; or y&lt;span class=&quot;css_hl&quot;&gt;iu&lt;/span&gt;</phrase>
</dbo_langKit>
<dbo_langKit>
<phraseID>645</phraseID>
<catID>12</catID>
<phraseOrder>6</phraseOrder>
<englishPhrase>ue</englishPhrase>
<romanized>h&lt;span class=&quot;css_hl&quot;&gt;ue&lt;/span&gt;n or l&lt;span class=&quot;css_hl&quot;&gt;ue&lt;/span&gt;n</romanized>
<phrase>h&lt;span class=&quot;css_hl&quot;&gt;ue&lt;/span&gt;n or l&lt;span class=&quot;css_hl&quot;&gt;ue&lt;/span&gt;n</phrase>
</dbo_langKit>
<dbo_langKit>
<phraseID>614</phraseID>
<catID>9</catID>
<phraseOrder>7</phraseOrder>
<englishPhrase>   400 cycle</englishPhrase>
<romanized>say pah jun</romanized>
<unicode>四百转</unicode>
<phrase>&amp;#22235;&amp;#30334;&amp;#36716;</phrase>
</dbo_langKit>
<dbo_langKit>
<phraseID>615</phraseID>
<catID>9</catID>
<phraseOrder>8</phraseOrder>
<englishPhrase>   3-phase</englishPhrase>
<romanized>sam duen</romanized>
<unicode>三段</unicode>
<phrase>&amp;#19977;&amp;#27573;</phrase>
</dbo_langKit>
<dbo_langKit>
<phraseID>616</phraseID>
<catID>9</catID>
<phraseOrder>9</phraseOrder>
<englishPhrase>   Alternating current</englishPhrase>
<romanized>kaw lau deem</romanized>
<unicode>交流电</unicode>
<phrase>&amp;#20132;&amp;#27969;&amp;#30005;</phrase>
</dbo_langKit>
<dbo_langKit>
<phraseID>617</phraseID>
<catID>9</catID>
<phraseOrder>10</phraseOrder>
<englishPhrase>   115 volt</englishPhrase>
<romanized>yat pah yat sub m wok</romanized>
<unicode>一百一十五伏</unicode>
<phrase>&amp;#19968;&amp;#30334;&amp;#19968;&amp;#21313;&amp;#20116;&amp;#20239;</phrase>
</dbo_langKit>
<dbo_langKit>
<phraseID>618</phraseID>
<catID>10</catID>
<phraseOrder>1</phraseOrder>
<englishPhrase>Is fuel available?</englishPhrase>
<romanized>yau yin liu kung ying mah?</romanized>
<unicode>有燃料供应吗？</unicode>
<phrase>&amp;#26377;&amp;#29123;&amp;#26009;&amp;#20379;&amp;#24212;&amp;#21527;&amp;#65311;</phrase>
</dbo_langKit>
<dbo_langKit>
<phraseID>619</phraseID>
<catID>10</catID>
<phraseOrder>2</phraseOrder>
<englishPhrase>What is the fuel composition / mixture?</englishPhrase>
<romanized>ying liu pau hum dee mut yeh ge sing fun?</romanized>
<unicode>燃料包含啲乜野既成份？</unicode>
<phrase>&amp;#29123;&amp;#26009;&amp;#21253;&amp;#21547;&amp;#21874;&amp;#20060;&amp;#37326;&amp;#26082;&amp;#25104;&amp;#20221;&amp;#65311;</phrase>
</dbo_langKit>
<dbo_langKit>
<phraseID>620</phraseID>
<catID>10</catID>
<phraseOrder>3</phraseOrder>
<englishPhrase>What is the cost?</englishPhrase>
<romanized>gaai dor chin?</romanized>
<unicode>几多钱？</unicode>
<phrase>&amp;#20960;&amp;#22810;&amp;#38065;&amp;#65311;</phrase>
</dbo_langKit>
<dbo_langKit>
<phraseID>621</phraseID>
<catID>10</catID>
<phraseOrder>4</phraseOrder>
<englishPhrase>We need ___ kilos.</englishPhrase>
<romanized>ngah daai tsui yiu ___ kung sing</romanized>
<unicode>我哋需要 ___ 公斤</unicode>
<phrase>&amp;#25105;&amp;#21707;&amp;#38656;&amp;#35201; ___ &amp;#20844;&amp;#26020;</phrase>
</dbo_langKit>
<dbo_langKit>
<phraseID>622</phraseID>
<catID>10</catID>
<phraseOrder>5</phraseOrder>
<englishPhrase>How much do we owe you?</englishPhrase>
<romanized>ngah daai jank lay gaai dor chin?</romanized>
<unicode>我哋争你几多钱？</unicode>
<phrase>&amp;#25105;&amp;#21707;&amp;#20105;&amp;#20320;&amp;#20960;&amp;#22810;&amp;#38065;&amp;#65311;</phrase>
</dbo_langKit>
<dbo_langKit>
<phraseID>623</phraseID>
<catID>10</catID>
<phraseOrder>6</phraseOrder>
<englishPhrase>Do you have fuel pits?</englishPhrase>
<romanized>lay daai yau mo yin liu full ah?</romanized>
<unicode>你哋有冇燃料库呀？</unicode>
<phrase>&amp;#20320;&amp;#21707;&amp;#26377;&amp;#20871;&amp;#29123;&amp;#26009;&amp;#24211;&amp;#21568;&amp;#65311;</phrase>
</dbo_langKit>
<dbo_langKit>
<phraseID>624</phraseID>
<catID>10</catID>
<phraseOrder>7</phraseOrder>
<englishPhrase>Are firefighters available during refueling?</englishPhrase>
<romanized>yup yau see, yau mo siu fong yuan guy bay gar?</romanized>
<unicode>入油时，有冇消防员戒备架？</unicode>
<phrase>&amp;#20837;&amp;#27833;&amp;#26102;&amp;#65292;&amp;#26377;&amp;#20871;&amp;#28040;&amp;#38450;&amp;#21592;&amp;#25106;&amp;#22791;&amp;#26550;&amp;#65311;</phrase>
</dbo_langKit>
<dbo_langKit>
<phraseID>625</phraseID>
<catID>10</catID>
<phraseOrder>8</phraseOrder>
<englishPhrase>How much fuel do your trucks hold?</englishPhrase>
<romanized>lay daai dee deen yau chey ho yee joy gaai doh au ah?</romanized>
<unicode>你哋啲电油车可以载几多油呀？</unicode>
<phrase>&amp;#20320;&amp;#21707;&amp;#21874;&amp;#30005;&amp;#27833;&amp;#36710;&amp;#21487;&amp;#20197;&amp;#36733;&amp;#20960;&amp;#22810;&amp;#27833;&amp;#21568;&amp;#65311;</phrase>
</dbo_langKit>
<dbo_langKit>
<phraseID>626</phraseID>
<catID>10</catID>
<phraseOrder>9</phraseOrder>
<englishPhrase>We need refueling.</englishPhrase>
<romanized>ngah daai tsui yiu gar yau</romanized>
<unicode>我哋需要加油</unicode>
<phrase>&amp;#25105;&amp;#21707;&amp;#38656;&amp;#35201;&amp;#21152;&amp;#27833;</phrase>
</dbo_langKit>
<dbo_langKit>
<phraseID>627</phraseID>
<catID>10</catID>
<phraseOrder>10</phraseOrder>
<englishPhrase>Where will we be refueling?</englishPhrase>
<romanized>ngah daai wui haai bin tsoy gar yau ah?</romanized>
<unicode>我哋会系边再加油 呀？</unicode>
<phrase>&amp;#25105;&amp;#21707;&amp;#20250;&amp;#31995;&amp;#36793;&amp;#20877;&amp;#21152;&amp;#27833; &amp;#21568;&amp;#65311;</phrase>
</dbo_langKit>
<dbo_langKit>
<phraseID>628</phraseID>
<catID>10</catID>
<phraseOrder>11</phraseOrder>
<englishPhrase>When can we be refueled?</englishPhrase>
<romanized>ngah daai gaai see ho yee tsoy gar yau ah?</romanized>
<unicode>我哋几时可以再加油呀？</unicode>
<phrase>&amp;#25105;&amp;#21707;&amp;#20960;&amp;#26102;&amp;#21487;&amp;#20197;&amp;#20877;&amp;#21152;&amp;#27833;&amp;#21568;&amp;#65311;</phrase>
</dbo_langKit>
<dbo_langKit>
<phraseID>629</phraseID>
<catID>11</catID>
<phraseOrder>1</phraseOrder>
<englishPhrase>Weather below minimums.</englishPhrase>
<romanized>teen haai daai gwor tsui daai deem</romanized>
<unicode>天气低过最低点</unicode>
<phrase>&amp;#22825;&amp;#27668;&amp;#20302;&amp;#36807;&amp;#26368;&amp;#20302;&amp;#28857;</phrase>
</dbo_langKit>
<dbo_langKit>
<phraseID>630</phraseID>
<catID>11</catID>
<phraseOrder>2</phraseOrder>
<englishPhrase>Cloud cover.</englishPhrase>
<romanized>wan koi</romanized>
<unicode>云盖</unicode>
<phrase>&amp;#20113;&amp;#30422;</phrase>
</dbo_langKit>
<dbo_langKit>
<phraseID>631</phraseID>
<catID>11</catID>
<phraseOrder>3</phraseOrder>
<englishPhrase>Upper edge at ___.</englishPhrase>
<romanized>sheung deng haai ___</romanized>
<unicode>上顶系 ___</unicode>
<phrase>&amp;#19978;&amp;#39030;&amp;#31995; ___</phrase>
</dbo_langKit>
<dbo_langKit>
<phraseID>632</phraseID>
<catID>11</catID>
<phraseOrder>4</phraseOrder>
<englishPhrase>Lower edge at ___.</englishPhrase>
<romanized>hah dey haai ___</romanized>
<unicode>下底系 ___</unicode>
<phrase>&amp;#19979;&amp;#24213;&amp;#31995; ___</phrase>
</dbo_langKit>
<dbo_langKit>
<phraseID>633</phraseID>
<catID>11</catID>
<phraseOrder>5</phraseOrder>
<englishPhrase>Ceiling ___ meters.</englishPhrase>
<romanized>tsui gao deem ___ kung chek</romanized>
<unicode>最高点 ___ 公尺</unicode>
<phrase>&amp;#26368;&amp;#39640;&amp;#28857; ___ &amp;#20844;&amp;#23610;</phrase>
</dbo_langKit>
<dbo_langKit>
<phraseID>634</phraseID>
<catID>11</catID>
<phraseOrder>6</phraseOrder>
<englishPhrase>Visibility ___ kilometers.</englishPhrase>
<romanized>lung gin doh ___ kung chek</romanized>
<unicode>能见度 ___ 公尺</unicode>
<phrase>&amp;#33021;&amp;#35265;&amp;#24230; ___ &amp;#20844;&amp;#23610;</phrase>
</dbo_langKit>
<dbo_langKit>
<phraseID>635</phraseID>
<catID>11</catID>
<phraseOrder>7</phraseOrder>
<englishPhrase>Barometric pressure ___ millibars.</englishPhrase>
<romanized>haai art sin ___ doh</romanized>
<unicode>气压线 ___ 度</unicode>
<phrase>&amp;#27668;&amp;#21387;&amp;#32447; ___ &amp;#24230;</phrase>
</dbo_langKit>
<dbo_langKit>
<phraseID>636</phraseID>
<catID>11</catID>
<phraseOrder>8</phraseOrder>
<englishPhrase>Wind shear</englishPhrase>
<romanized>fung chit</romanized>
<unicode>风切</unicode>
<phrase>&amp;#39118;&amp;#20999;</phrase>
</dbo_langKit>
<dbo_langKit>
<phraseID>637</phraseID>
<catID>11</catID>
<phraseOrder>9</phraseOrder>
<englishPhrase>Severe conditions</englishPhrase>
<romanized>yim chun ching fong</romanized>
<unicode>严峻情况</unicode>
<phrase>&amp;#20005;&amp;#23803;&amp;#24773;&amp;#20917;</phrase>
</dbo_langKit>
<dbo_langKit>
<phraseID>638</phraseID>
<catID>11</catID>
<phraseOrder>10</phraseOrder>
<englishPhrase>Wet runway</englishPhrase>
<romanized>sup pau doh</romanized>
<unicode>湿跑道</unicode>
<phrase>&amp;#28287;&amp;#36305;&amp;#36947;</phrase>
</dbo_langKit>
<dbo_langKit>
<phraseID>639</phraseID>
<catID>11</catID>
<phraseOrder>11</phraseOrder>
<englishPhrase>Dry runway</englishPhrase>
<romanized>gon pau doh</romanized>
<unicode>干跑道</unicode>
<phrase>&amp;#24178;&amp;#36305;&amp;#36947;</phrase>
</dbo_langKit>
</dataroot>
